證券代碼,簡稱,年月,市值(百萬元),收盤價(元)_年,Unknown masked parameter,股價淨值比,股價營收比,M淨值報酬率─稅後,資產報酬率ROA,營業利益率OPM,利潤邊際NPM,負債/淨值比,M流動比率,M速動比率,M存貨週轉率 (次),M應收帳款週轉次,M營業利益成長率,M稅後淨利成長率,Return,ReturnMean_year_Label,年份,訓練年份,測試年份,使用K值
19982330,台積電       ,199812,429349,14.27,0.644318130193692,1.0266,1.711,0.10901,0.16363,0.27383,0.30431,0.50111,324.93,262.27,6.96,6.02,-7.51,-19.89,193.2025,1,1998,1997,1998,21
2357,華碩         ,199812,244863,231.8,0.378609382660268,6.0649,5.3571,0.32378,0.37232,0.28274,0.32883,0.14991,673.08,601.87,8.76,20.8,72.81,64.46,56.0181,1,1998,1997,1998,21
1303,南亞         ,199812,172043,13.02,0.811580458282477,0.65427,0.37893,0.052023,0.1386,0.067387,0.087689,1.6642,117.74,58.63,4.25,6.94,-18.21,58.14,86.7127,1,1998,1997,1998,21
2002,中鋼         ,199812,157989,5.02,0.532825588799455,0.30892,0.41799,0.090115,0.13792,0.18437,0.18617,0.53048,145.66,53.64,4.12,24.15,-18.53,17.08,39.6414,1,1998,1997,1998,21
1301,台塑         ,199812,132481,14.72,0.350727103576883,0.73343,1.0294,0.057917,0.1009,0.096604,0.14165,0.74222,101.04,49.85,4.76,16.8,-42.41,21.73,46.8071,1,1998,1997,1998,21
2317,鴻海         ,199812,130758,17.08,0.939001561999887,0.74164,0.3138,0.14937,0.32517,0.14633,0.13757,1.177,121.12,82.67,6.75,4.93,59.51,50.27,87.7049,1,1998,1997,1998,21
2356,英業達       ,199812,109491,23.67,0.875942811492984,1.3754,0.40747,0.11301,0.22328,0.067941,0.068796,0.97568,169.04,123.14,8.61,5.81,4.3,-12.57,-13.139,-1,1998,1997,1998,21
2311,日月光       ,199812,96120,15.76,0.550156342898422,1.2823,1.3516,0.034119,0.065988,0.13683,0.077253,0.93408,145.36,120.93,8.13,5.37,-19.33,-72.55,130.6472,1,1998,1997,1998,21
2344,華邦電       ,199812,92810,24.38,0.622475086001228,1.5729,4.2474,-0.0046935,-0.0093691,-0.034816,-0.025302,0.99621,143.67,95.85,2.86,6.85,-2754.04,-110.13,118.4988,1,1998,1997,1998,21
2306,宏電         ,199812,92292,22.47,0.587044704531417,1.2483,0.34379,0.023422,0.050061,0.0094263,0.014691,1.1373,127.1,81.79,8.83,7.42,-39.72,-34.78,191.3663,1,1998,1997,1998,21
2313,華通         ,199812,90850,101.36,0.207742292733028,4.0334,2.504,0.15335,0.27669,0.2374,0.17175,0.80433,148.86,112.09,8.4,6.01,97.77,28.46,5.8307,-1,1998,1997,1998,21
2324,仁寶         ,199812,88918,16.84,0.301246330279491,0.63,0.36293,0.16212,0.21551,0.12078,0.12424,0.32928,297.97,240.99,11.32,8.61,130.14,42.72,39.4893,1,1998,1997,1998,21
1326,台化         ,199812,83304,8.62,0.470923348517591,0.43957,0.65254,0.063646,0.12089,0.065449,0.17945,0.89945,130.19,67.34,2.8,12.35,-24.27,172.43,53.7123,1,1998,1997,1998,21
1216,統一         ,199812,76029,11.57,0.230488160211559,0.80069,0.42757,0.065497,0.11533,0.010382,0.06159,0.76087,100.46,57.46,9.28,21.8,-28.2,-43.9,-0.8643,-1,1998,1997,1998,21
2342,茂矽         ,199812,72218,153.64,0.844308792695389,12.3803,30.3037,-0.031212,-0.069274,-0.21053,-0.1696,1.2195,92.46,54.44,2.6,4.95,-323.68,-213.96,63.9417,1,1998,1997,1998,21
2201,裕隆         ,199812,69499,23.89,0.194764289567049,1.1009,0.60681,0.094917,0.18881,0.073977,0.10678,0.98917,151.42,121.48,8.55,4.13,18.55,17.03,-45.9188,-1,1998,1997,1998,21
1101,台泥         ,199812,50457,13.64,0.311102286650413,0.72902,1.0404,0.03588,0.077355,0.088505,0.12042,1.1559,84.53,53.45,10.33,6.77,104.06,76.91,30.3519,1,1998,1997,1998,21
2610,華航         ,199812,48962,19.2,0.430207391329584,1.0649,0.75029,-0.020357,-0.05987,-0.075185,-0.042171,1.941,73.7,39.46,0.0,12.04,-310.71,-193.22,-13.2292,-1,1998,1997,1998,21
2603,長榮         ,199812,48436,13.03,0.184816320124136,0.7128,0.42918,0.012017,0.033852,0.061291,0.020477,1.817,71.88,65.72,0.0,4.79,27.25,-2.54,-1.1512,-1,1998,1997,1998,21
2912,統一超       ,199812,44420,29.58,0.438869973126103,2.0205,0.30861,0.12235,0.21919,0.033487,0.033477,0.79153,84.87,43.95,24.24,155.48,31.97,21.24,62.5085,1,1998,1997,1998,21
2105,正新         ,199812,25894,9.66,0.0292202775621463,0.644,0.52586,0.055229,0.11166,0.11742,0.091206,1.0218,88.87,42.43,3.72,8.07,21.72,70.79,-22.2567,-1,1998,1997,1998,21
2340,光磊         ,199812,12555,41.79,0.978680649641159,1.7355,2.7694,0.088585,0.10928,0.14156,0.17439,0.23364,535.17,396.25,2.49,3.13,8.87,37.12,-5.0012,-1,1998,1997,1998,21
2422,國聯         ,199812,12529,47.03,0.712694471678914,2.4495,4.7077,0.18401,0.21798,0.35846,0.41874,0.18465,778.48,606.98,2.25,6.08,153.0,106.08,-21.2843,-1,1998,1997,1998,21
1714,和桐         ,199812,11100,14.44,0.722439592366842,0.87942,0.68664,0.059299,0.080457,0.10391,0.077571,0.35681,251.89,149.74,12.64,5.38,47.16,36.42,-11.8421,-1,1998,1997,1998,21
2345,智邦         ,199812,9858,16.97,0.173388613119006,0.61642,0.42521,0.021777,0.038003,-0.02406,0.026207,0.74511,250.02,162.36,3.64,4.65,-6978.94,-55.61,153.0937,1,1998,1997,1998,21
2360,致茂         ,199812,9849,18.3,0.390937802323736,0.78306,1.3525,0.11544,0.13004,0.18646,0.22455,0.12644,634.12,490.28,3.12,4.75,23.03,33.01,41.9126,1,1998,1997,1998,21
2379,瑞昱         ,199812,9547,17.07,0.656859890973707,0.79285,0.90557,0.15551,0.18161,0.22675,0.20742,0.16779,474.77,394.1,5.05,5.31,41.93,4.27,113.0053,1,1998,1997,1998,21
2355,敬鵬         ,199812,9293,15.84,0.106216344928664,0.52712,0.6807,0.07771,0.099214,0.10331,0.12813,0.27672,268.7,240.58,11.4,4.69,23.98,21.12,-2.5884,-1,1998,1997,1998,21
2390,云辰         ,199812,8913,28.34,0.198118402542975,1.1794,2.7355,0.10872,0.12126,0.19663,0.28431,0.11536,528.5,497.0,7.96,8.03,42.99,60.75,58.8567,1,1998,1997,1998,21
1311,福聚         ,199812,8639,17.69,0.737858095516997,1.1746,0.95673,0.055593,0.066005,0.063465,0.053773,0.18728,467.89,316.27,7.46,23.74,-47.64,-50.06,27.6427,1,1998,1997,1998,21
2391,合勤         ,199812,7988,14.17,0.178132454400338,0.77011,0.98334,0.1164,0.13044,0.14562,0.16785,0.12065,660.22,570.24,5.4,9.73,59.81,21.33,44.4601,1,1998,1997,1998,21
1308,亞聚         ,199812,7641,14.72,0.56119979270966,0.81147,1.2155,0.10626,0.11901,0.11282,0.1783,0.11998,816.32,742.65,9.69,19.22,-33.95,-5.4,13.519,1,1998,1997,1998,21
9905,大華         ,199812,6776,9.33,0.617090884393223,0.61625,1.184,0.051893,0.056238,0.091385,0.10805,0.083746,889.75,661.15,2.59,4.48,17.56,-26.31,-36.0129,-1,1998,1997,1998,21
5604,中連         ,199812,6678,13.12,0.730248792267598,0.91684,1.5046,0.042965,0.064843,0.14661,0.10642,0.50922,257.01,250.91,0.0,4.89,-3.79,-5.58,-51.2957,-1,1998,1997,1998,21
5701,劍湖山       ,199812,6394,27.55,0.879653724481905,1.211,4.8934,0.062138,0.069224,0.2885,0.27957,0.11403,1360.76,1328.38,46.38,81.91,170.39,149.52,-4.755,-1,1998,1997,1998,21
1110,東泥         ,199812,6104,7.49,0.178766186752368,0.50574,1.7179,0.024998,0.029408,0.14105,0.09977,0.1764,661.94,456.29,2.67,4.27,-18.47,-38.28,-7.2096,-1,1998,1997,1998,21
2382,廣達         ,199912,285224,51.58,0.699887849928292,2.3224,0.79415,0.23785,0.35921,0.11309,0.12282,0.51026,222.94,179.8,17.22,8.04,-2.5,0.39,-51.202,-1,1999,1998,1999,21
2002,中鋼         ,199912,198642,7.01,0.530864280694127,0.47269,0.67146,0.073955,0.11865,0.1646,0.16824,0.60436,162.17,79.47,4.28,37.02,-18.5,-17.5,-6.8474,1,1999,1998,1999,21
2323,中環         ,199912,138948,52.91,0.407619197041153,2.2885,3.5226,0.18193,0.33389,0.32995,0.52358,0.83528,130.9,97.28,5.23,4.92,201.15,251.5,-72.4627,-1,1999,1998,1999,21
2349,錸德         ,199912,119826,62.83,0.32514568182056,1.0342,2.7863,0.098659,0.13765,0.40331,0.37076,0.39523,149.6,132.81,6.22,3.93,253.83,262.72,-57.6476,-1,1999,1998,1999,21
2308,台達電       ,199912,99896,33.35,0.610958658746201,1.2311,0.62865,0.10559,0.18009,0.089483,0.091959,0.70559,187.12,134.84,8.24,4.62,58.34,66.63,-1.8891,1,1999,1998,1999,21
2615,萬海         ,199912,27540,8.11,0.386771194520985,0.56713,0.30778,0.10147,0.156,0.099803,0.084819,0.53737,148.23,141.69,0.0,38.41,-17.25,-11.52,-4.439,1,1999,1998,1999,21
3035,智原         ,199912,20261,43.75,0.152721200438232,2.575,1.8214,0.25338,0.34473,0.22445,0.24395,0.36054,308.06,271.08,9.85,6.0,49.34,60.28,-15.1771,1,1999,1998,1999,21
2331,精英         ,199912,17375,28.23,0.683363243294653,2.2211,0.29716,0.13659,0.42904,0.074144,0.064109,2.1411,120.85,89.64,11.31,7.31,220.73,183.54,-64.5058,-1,1999,1998,1999,21
2474,可成         ,199912,10860,18.62,0.105798273250228,0.96577,0.86564,0.22396,0.33459,0.37532,0.29998,0.49398,209.87,169.9,7.45,4.18,117.82,111.83,-75.0269,-1,1999,1998,1999,21
9933,中鼎         ,199912,9156,8.24,0.393456361215266,0.56516,0.22731,0.080957,0.16571,0.051641,0.066655,1.0469,125.01,72.68,5.7,10.74,-6.35,6.67,-24.6359,1,1999,1998,1999,21
1527,鑽全         ,199912,7708,25.18,0.442305413383371,1.516,1.0642,0.29027,0.34558,0.31746,0.24259,0.19054,441.08,380.41,9.53,10.5,41.94,40.68,-30.2224,1,1999,1998,1999,21
2404,漢唐         ,199912,6859,15.47,0.438644982586956,0.8125,0.46138,0.10265,0.15814,0.11468,0.091274,0.54057,226.56,110.14,3.1,5.08,55.55,31.23,-55.5268,-1,1999,1998,1999,21
9921,巨大         ,199912,6463,11.62,0.154752348656045,0.68717,0.187,0.058476,0.15221,0.055352,0.041428,1.6029,133.45,86.43,3.48,4.47,-30.72,-13.65,58.864,1,1999,1998,1999,21
20002330,台積電       ,200012,917615,25.59,0.850712674289007,1.2025,2.0008,0.17554,0.24843,0.36881,0.39174,0.41519,194.72,144.11,8.81,7.98,175.23,182.77,59.7499,1,2000,1999,2000,15
2303,聯電         ,200012,538011,27.33,0.929608866756663,1.4212,2.7033,0.16392,0.22165,0.41124,0.43924,0.35219,229.79,200.14,8.24,8.46,1067.02,144.61,26.1251,-1,2000,1999,2000,15
2317,鴻海         ,200012,239728,29.94,0.696667200555228,0.98293,0.44468,0.117,0.23346,0.10692,0.10561,0.99543,175.03,113.35,6.37,5.36,42.67,38.88,18.9379,-1,2000,1999,2000,15
2357,華碩         ,200012,152009,145.92,0.988911616079589,4.2222,3.2326,0.24625,0.28887,0.1937,0.2212,0.17309,535.94,455.95,8.68,13.55,8.58,9.53,101.7475,1,2000,1999,2000,15
2382,廣達         ,200012,137928,25.17,0.000522375356944771,1.2974,0.4994,0.18389,0.26848,0.082391,0.10332,0.46002,221.75,172.04,13.33,7.56,-19.93,-7.55,75.0099,1,2000,1999,2000,15
2388,威盛         ,200012,104968,180.97,0.865438591013025,4.8951,3.3807,0.21107,0.30686,0.24261,0.21191,0.45384,281.32,211.64,6.48,8.39,344.98,230.39,28.5075,-1,2000,1999,2000,15
2337,旺宏         ,200012,100213,35.67,0.989950205708831,1.9806,2.7375,0.15001,0.2381,0.38729,0.3292,0.58716,272.04,205.07,3.37,7.44,709.36,1070.59,-11.0737,-1,2000,1999,2000,15
2308,台達電       ,200012,98785,32.72,0.527680069338442,1.2489,0.61216,0.10757,0.20842,0.088729,0.10218,0.93759,195.04,149.86,7.11,4.54,27.53,44.36,-25.3667,-1,2000,1999,2000,15
5387,茂德         ,200012,79886,19.45,0.801347605521952,1.3019,2.5425,0.11542,0.16243,0.41249,0.31731,0.40726,241.18,202.97,7.86,5.14,11.32,8.73,26.6324,-1,2000,1999,2000,15
2475,華映         ,200012,71668,13.57,0.49809429119639,0.99341,0.67782,0.085768,0.15871,0.14091,0.109,0.85042,131.91,95.37,8.79,5.28,23.53,19.35,94.1783,1,2000,1999,2000,15
1216,統一         ,200012,69479,11.34,0.900852488532005,0.88732,0.67945,0.034372,0.085717,0.019287,0.065635,1.4938,67.79,41.64,7.11,11.09,7.81,-18.9,-35.5379,-1,2000,1999,2000,15
2324,仁寶         ,200012,69431,13.38,0.574661219130188,0.65685,0.27074,0.11902,0.19234,0.068505,0.07928,0.61595,173.84,117.87,10.23,9.08,5.84,10.69,26.4574,-1,2000,1999,2000,15
2311,日月光       ,200012,60268,9.49,0.845178185054037,0.59798,0.51325,0.053877,0.10474,0.19407,0.11469,0.944,118.99,97.05,12.49,6.09,103.71,-14.05,74.2887,1,2000,1999,2000,15
2342,茂矽         ,200012,51798,100.9,0.585987035826476,6.5265,10.2437,0.024113,0.040152,0.0075966,0.073158,0.66513,259.83,119.25,4.5,6.35,105.85,-26.7,5.9267,-1,2000,1999,2000,15
2371,大同         ,200012,50800,11.8,0.246734525985975,0.8351,0.30117,0.022504,0.051106,0.032486,0.025799,1.271,102.23,68.12,8.22,6.28,12.74,-3.2,-10.5932,-1,2000,1999,2000,15
2401,凌陽         ,200012,48655,56.34,0.666416217319468,2.9283,3.3219,0.26079,0.30484,0.28857,0.34701,0.16891,404.5,304.36,5.49,6.36,39.06,71.88,13.1168,-1,2000,1999,2000,15
2323,中環         ,200012,41403,14.57,0.890752116325322,0.66227,1.6046,0.073897,0.11358,0.061374,0.277,0.53697,151.86,119.16,5.42,4.01,-79.93,-41.8,37.1997,1,2000,1999,2000,15
2356,英業達       ,200012,40450,8.79,0.982303222883606,0.57602,0.12033,0.090567,0.17721,0.018585,0.038205,0.95668,168.44,114.62,10.36,6.59,-28.58,24.9,13.5381,-1,2000,1999,2000,15
2352,佳世達       ,200012,35405,20.29,0.928313062314188,0.81421,0.35043,0.080632,0.15987,0.020073,0.074047,0.98271,105.01,57.0,5.6,7.66,53.76,114.35,98.6693,1,2000,1999,2000,15
5346,力晶         ,200012,30405,8.01,0.86271071869967,0.45693,0.78684,0.098956,0.12987,0.24826,0.22367,0.31244,181.03,133.52,5.73,9.35,441.24,608.56,76.9039,1,2000,1999,2000,15
2618,長榮航       ,200012,30240,11.18,0.484296511212103,0.74286,0.4305,0.023274,0.07945,0.090935,0.046044,2.4136,85.28,39.01,0.0,10.27,26.22,115.48,12.0751,-1,2000,1999,2000,15
2609,陽明         ,200012,24754,7.25,0.614713419117141,0.51565,0.24719,0.023578,0.04795,0.018921,0.022987,1.0336,136.13,116.4,0.0,33.09,-44.98,-28.31,-40.4138,-1,2000,1999,2000,15
1434,福懋         ,200012,23627,8.11,0.362411462273053,0.59457,0.56912,0.06363,0.11833,0.1234,0.11477,0.85961,147.1,83.42,3.96,5.42,35.81,37.65,-33.2922,-1,2000,1999,2000,15
2379,瑞昱         ,200012,19932,35.13,0.123083747545945,1.5261,1.4595,0.2385,0.32961,0.31664,0.31527,0.38201,488.85,413.77,8.38,7.5,116.21,128.36,199.0037,1,2000,1999,2000,15
2395,研華         ,200012,18409,28.75,0.20549417090768,1.5574,0.75598,0.1846,0.29126,0.17646,0.14184,0.57779,189.71,108.34,4.61,7.42,28.83,35.81,14.7478,-1,2000,1999,2000,15
3035,智原         ,200012,17213,37.11,0.14651491061489,1.976,1.285,0.29456,0.39962,0.27098,0.25988,0.35663,286.19,225.04,7.51,8.48,118.17,92.51,21.8539,-1,2000,1999,2000,15
2315,神達         ,200012,14903,8.65,0.635197916859882,0.52552,0.046262,0.035107,0.099763,0.020013,0.010949,1.8417,124.3,56.64,10.29,15.0,27.17,17.18,26.3584,-1,2000,1999,2000,15
2301,光寶科       ,200012,12862,8.71,0.535801055751113,0.44439,0.11366,0.086482,0.23381,0.067372,0.069752,1.7036,164.14,107.24,5.51,7.87,143.32,372.05,147.9908,1,2000,1999,2000,15
2501,國建         ,200012,12396,5.8,0.490357293468018,0.45312,1.167,0.037929,0.042791,0.13299,0.1103,0.12817,995.89,131.05,0.32,5.96,32.17,5.16,20.8621,-1,2000,1999,2000,15
2377,微星         ,200012,12018,10.29,0.270294332292698,0.34705,0.11978,0.12009,0.25012,0.086187,0.086325,1.0828,159.14,107.88,7.38,8.96,38.4,55.5,401.5549,1,2000,1999,2000,15
2706,第一店       ,200012,11656,38.9,0.564979570738201,1.5749,18.0093,0.077579,0.10453,0.66666,1.1969,0.34736,280.12,273.76,0.0,57.04,6.64,14.35,-1.3882,-1,2000,1999,2000,15
2398,博達         ,200012,11398,36.53,0.417028951642886,0.80694,0.86176,0.058456,0.099935,0.13742,0.10673,0.70958,152.49,118.99,7.89,4.62,117.69,118.95,38.79,1,2000,1999,2000,15
2480,敦陽科       ,200012,10746,31.89,0.166460440876421,1.6749,0.60023,0.17463,0.39843,0.19431,0.14276,1.2815,195.31,129.97,3.77,3.98,139.29,124.85,64.942,1,2000,1999,2000,15
2394,普立爾       ,200012,10300,15.5,0.620958643935308,0.7643,0.43091,0.10147,0.15003,0.090638,0.086585,0.47855,208.79,138.98,7.02,11.01,8.61,32.47,137.1613,1,2000,1999,2000,15
2707,晶華         ,200012,10091,52.69,0.0520778902858696,4.3224,7.3181,0.1344,0.18049,0.30143,0.31337,0.34294,489.18,481.45,75.8,30.41,20.85,61.24,-29.5122,-1,2000,1999,2000,15
2390,云辰         ,200012,9785,31.39,0.93120138460825,1.9449,3.0299,0.14142,0.2126,0.086213,0.33986,0.50332,103.8,80.46,11.52,8.95,-3.4,65.23,-8.9838,-1,2000,1999,2000,15
1503,士電         ,200012,9712,13.69,0.728661681678271,0.7704,0.67405,0.033299,0.057433,0.078664,0.05024,0.72476,152.1,91.07,4.37,3.33,10.45,28.64,-10.2995,-1,2000,1999,2000,15
2345,智邦         ,200012,9270,15.19,0.934405118961213,0.60809,0.31,0.043838,0.095886,0.025129,0.048879,1.1873,135.95,86.39,4.67,5.08,3.42,71.22,257.5379,1,2000,1999,2000,15
2392,正崴         ,200012,8190,19.96,0.513377418587575,0.65122,0.54107,0.078975,0.10574,0.091558,0.087837,0.33894,208.92,125.02,5.3,3.99,21.57,76.22,101.7535,1,2000,1999,2000,15
2491,吉祥全       ,200012,7683,131.19,0.398589496735843,2.1724,5.4914,0.073905,0.10445,0.22763,0.26401,0.41328,165.97,138.82,8.55,3.11,282.98,394.43,-2.5993,-1,2000,1999,2000,15
2006,東鋼         ,200012,7578,5.24,0.0308895487449515,0.33698,0.22528,0.019524,0.048158,0.077792,0.032454,1.4666,97.93,36.08,3.82,8.15,291.02,239.57,-17.9389,-1,2000,1999,2000,15
2380,虹光         ,200012,7187,19.53,0.332936281836175,0.82128,0.26071,0.1885,0.28698,0.093486,0.09109,0.52244,223.43,166.41,12.23,6.58,63.86,79.5,27.5474,-1,2000,1999,2000,15
1904,正隆         ,200012,7125,4.8,0.467068187028852,0.36063,0.26906,0.038444,0.076918,0.071947,0.057371,1.0008,132.14,47.17,2.89,5.79,22.17,-2.16,-37.0833,-1,2000,1999,2000,15
1234,黑松         ,200012,6930,10.03,0.0252281814930363,0.68417,1.2012,0.030785,0.049647,0.099953,0.087291,0.61268,253.79,206.7,7.44,9.53,34.48,24.06,-10.1695,-1,2000,1999,2000,15
2402,毅嘉         ,200012,6611,21.83,0.854099949273443,1.0182,1.4553,0.13419,0.17972,0.26395,0.25689,0.33929,188.83,152.61,4.79,5.5,100.21,123.57,-3.1608,-1,2000,1999,2000,15
9933,中鼎         ,200012,6592,6.21,0.347879194327261,0.4361,0.2502,0.07491,0.14352,0.058203,0.082365,0.91595,130.8,70.75,3.77,8.42,-14.56,-5.8,-10.1449,-1,2000,1999,2000,15
1312,國喬         ,200012,6333,9.73,0.330828995203305,0.72829,0.42996,0.027058,0.077684,-0.030315,0.059312,1.8711,66.07,44.94,7.36,7.56,-119.23,55.26,-34.7379,-1,2000,1999,2000,15
3026,禾伸堂       ,200012,6235,20.83,0.118155198446711,0.4702,0.30905,0.20986,0.3213,0.25822,0.21116,0.53103,214.76,140.62,5.34,5.17,333.24,340.95,46.1834,1,2000,1999,2000,15
2473,思源         ,200012,6197,25.76,0.988417928784981,0.77895,3.3282,0.1096,0.12126,0.46146,0.53478,0.10639,830.32,822.77,0.0,4.49,82.3,96.19,35.4037,1,2000,1999,2000,15
2331,精英         ,200012,6169,10.02,0.539982099037929,0.48429,0.075606,0.12086,0.36864,0.071841,0.060136,2.0501,131.16,109.18,19.85,5.55,35.18,20.67,677.7445,1,2000,1999,2000,15
2492,華新科       ,200012,6142,16.14,0.706917419322763,0.41321,0.58037,0.11637,0.15037,0.22441,0.21123,0.29217,282.52,184.59,3.38,3.99,747.51,456.08,87.1128,1,2000,1999,2000,15
1714,和桐         ,200012,6092,7.84,0.999491620097705,0.59985,0.33954,0.034359,0.059099,0.040708,0.041522,0.72003,187.37,163.76,18.42,8.96,-32.03,-35.68,66.0714,1,2000,1999,2000,15
3021,衛展         ,200012,5955,623.08,0.287849344815137,30.8914,8.0522,0.21176,0.39817,0.14496,0.10381,0.88027,183.8,125.14,8.11,5.22,216.14,191.93,23.6438,-1,2000,1999,2000,15
2321,東訊         ,200012,5802,15.68,0.818204038907671,1.0051,0.40371,0.042799,0.086895,0.0025024,0.034914,1.0303,115.28,67.84,5.81,4.59,-76.94,-22.74,16.199,-1,2000,1999,2000,15
2436,偉詮電       ,200012,5691,18.27,0.35963491348208,1.0005,1.2749,0.21475,0.25638,0.21052,0.33012,0.19384,485.67,417.96,6.85,4.03,126.95,105.14,52.4904,1,2000,1999,2000,15
9941,裕融         ,200012,5623,12.15,0.0567046890682912,0.65463,0.87789,0.042771,0.23174,0.37909,0.3108,4.4181,116.47,110.34,2.75,0.15,34.72,42.75,34.321,1,2000,1999,2000,15
1704,榮化         ,200012,5576,5.61,0.335848974676925,0.39872,0.25581,0.033401,0.059723,0.04542,0.040025,0.78804,146.43,98.35,9.52,16.23,12.17,-17.76,-25.3119,-1,2000,1999,2000,15
5471,松翰         ,200012,5453,22.64,0.208946673993135,1.0996,0.64538,0.38144,0.46945,0.30585,0.27551,0.23071,475.87,395.26,42.42,7.96,71.16,76.47,76.7668,1,2000,1999,2000,15
1527,鑽全         ,200012,5380,17.57,0.905153559004464,1.1469,1.0452,0.24643,0.28374,0.29813,0.25863,0.15137,452.32,394.95,8.96,6.31,0.59,14.19,8.2527,-1,2000,1999,2000,15
2015,豐興         ,200012,5221,4.6,0.468468199903997,0.38079,0.25205,0.031114,0.051015,0.063656,0.033771,0.63965,105.0,29.07,4.84,15.24,6.17,-12.1,-19.5652,-1,2000,1999,2000,15
3046,建碁         ,200012,5197,29.19,0.912132474239623,1.4825,0.20934,0.13606,0.29682,0.047752,0.044545,1.1816,149.49,80.21,9.02,11.4,15.9,31.9,238.335,1,2000,1999,2000,15
2457,飛宏         ,200012,5002,9.87,0.184194097515527,0.49375,0.21,0.12206,0.22837,0.093833,0.09713,0.87105,232.35,171.15,5.09,4.28,-7.76,8.56,155.9271,1,2000,1999,2000,15
9943,好樂迪       ,200012,4950,19.27,0.299936990089789,1.3056,0.72553,0.1703,0.27147,0.17731,0.15259,0.59411,85.98,53.04,27.82,117.98,-10.05,-2.79,-31.7592,-1,2000,1999,2000,15
2444,友旺         ,200012,4837,45.72,0.0714528127870445,1.9974,1.0844,0.1518,0.20734,0.11901,0.11255,0.3659,240.39,119.5,4.55,9.14,7.36,15.93,70.5818,1,2000,1999,2000,15
2418,雅新         ,200012,4788,5.61,0.0537543922087138,0.26045,0.1865,0.069962,0.14926,0.13297,0.10689,1.1335,128.4,65.95,3.43,3.73,81.98,43.21,177.3619,1,2000,1999,2000,15
1109,信大         ,200012,4627,7.3,0.30736689958792,0.573,1.7096,0.02516,0.029402,0.045508,0.089793,0.16858,302.45,257.98,5.51,2.86,-68.32,-42.68,-5.0685,-1,2000,1999,2000,15
5801,第一金投     ,200012,4590,36.82,0.101669393624755,2.157,4.2864,0.22127,0.24086,0.54685,0.47855,0.088559,742.71,741.78,0.0,19.23,28.84,32.59,-4.1282,-1,2000,1999,2000,15
5203,訊連         ,200012,4582,40.44,0.995389727655092,2.1614,1.4366,0.3001,0.39822,0.31184,0.26832,0.32699,384.97,374.18,9.39,8.01,145.1,193.68,11.6716,-1,2000,1999,2000,15
2485,兆赫         ,200012,4545,14.31,0.332092833452499,0.82053,0.49757,0.14629,0.2163,0.13132,0.13115,0.47861,150.21,73.16,5.75,9.88,-11.27,7.24,44.9336,1,2000,1999,2000,15
2023,燁輝         ,200012,4478,2.4,0.297346815887922,0.18005,0.07335,0.035424,0.068859,0.052507,0.028047,0.94386,99.82,57.54,10.96,12.46,-13.17,-21.86,-30.4167,-1,2000,1999,2000,15
2359,所羅門       ,200012,4477,14.95,0.0620452213196326,0.76706,0.31139,0.045883,0.11293,-0.0041517,0.045851,1.4611,105.48,65.87,7.94,5.1,-128.34,32.85,37.4582,1,2000,1999,2000,15
1531,高林股       ,200012,4249,15.64,0.761425886690113,0.7512,0.52589,0.12011,0.16212,0.13993,0.11353,0.34977,323.26,184.84,3.03,4.16,48.62,54.55,-25.3836,-1,2000,1999,2000,15
2366,亞旭         ,200012,4247,9.1,0.631069999213594,0.47669,0.23393,0.022982,0.050255,0.0091748,0.024668,1.1867,113.27,52.6,3.95,5.55,-35.05,-13.04,162.3077,1,2000,1999,2000,15
2430,燦坤         ,200012,4240,8.34,0.0898916507760917,0.38629,0.085398,0.036773,0.083178,0.054571,0.027234,1.2619,108.51,52.89,5.89,12.2,-2.02,20.86,157.7938,1,2000,1999,2000,15
3040,遠見         ,200012,4224,25.43,0.0808624231303137,1.2595,0.64889,0.18403,0.43716,0.14915,0.22517,1.3755,138.41,61.67,2.19,5.39,18.5,136.56,40.464,1,2000,1999,2000,15
1473,台南         ,200012,4220,16.89,0.777240536548943,0.66891,0.31892,0.11299,0.17757,0.11395,0.084679,0.5715,199.24,91.23,4.59,10.25,32.63,36.59,13.1439,-1,2000,1999,2000,15
2010,春源         ,200012,4208,3.56,0.905134744223571,0.22894,0.14674,0.02646,0.047054,0.036372,0.030168,0.77831,166.8,82.0,3.98,4.35,20.18,-17.44,-8.7079,-1,2000,1999,2000,15
2439,美律         ,200012,4200,20.0,0.533771951767,0.89047,0.93941,0.12877,0.16735,0.18331,0.17655,0.29962,336.23,273.06,4.37,4.6,412.74,332.11,42.25,1,2000,1999,2000,15
5305,敦南         ,200012,4072,7.26,0.825808857855598,0.53304,0.6055,0.054242,0.086065,0.10379,0.097786,0.58668,152.3,100.17,4.52,6.46,424.22,419.26,79.0634,1,2000,1999,2000,15
5607,遠雄港       ,200012,4024,23.54,0.746313427703679,1.6003,2.3658,0.14179,0.23141,0.36761,0.34213,0.63203,108.43,107.2,0.0,22.9,39.88,57.8,-52.2515,-1,2000,1999,2000,15
2489,瑞軒         ,200012,3941,5.67,0.0484473392532221,0.23305,0.095086,0.0873,0.12361,0.035728,0.050436,0.41589,240.29,203.55,19.23,5.19,55.03,101.53,225.7496,1,2000,1999,2000,15
1210,大成         ,200012,3897,4.32,0.60346798383077,0.38468,0.084623,0.041025,0.084184,0.032389,0.02276,1.052,123.35,75.25,12.96,9.66,10.82,4.05,11.3426,-1,2000,1999,2000,15
2370,匯僑工業     ,200012,3818,17.13,0.729709448223228,0.99767,0.9602,0.13019,0.18618,0.20699,0.17926,0.43002,221.11,130.29,3.13,3.84,159.86,133.64,-1.4594,-1,2000,1999,2000,15
5349,先豐         ,200012,3809,17.63,0.781377051799277,0.94582,1.1345,0.05528,0.07831,0.051664,0.093947,0.4166,146.94,105.87,7.24,4.11,17.21,118.09,41.1231,1,2000,1999,2000,15
2338,光罩         ,200012,3477,4.72,0.337583864052045,0.34178,0.74214,0.073676,0.11499,0.21002,0.24978,0.56077,230.44,188.55,10.2,3.56,314.99,625.63,175.0,1,2000,1999,2000,15
2427,三商電       ,200012,3433,14.9,0.741254049502218,0.66906,0.61066,0.084557,0.11092,0.084277,0.10124,0.31176,289.09,144.59,2.81,3.61,26.42,62.44,41.6107,1,2000,1999,2000,15
2365,昆盈         ,200012,3401,6.26,0.127888379782995,0.31825,0.1664,0.083033,0.1252,0.07811,0.065489,0.50777,192.6,118.51,5.68,10.1,305.6,194.28,72.3642,1,2000,1999,2000,15
2442,新美齊       ,200012,3383,41.3,0.549540107015198,2.3956,0.36565,0.040789,0.12447,0.022835,0.018994,2.0516,106.03,75.87,11.75,4.69,-15.11,4.23,70.6295,1,2000,1999,2000,15
2328,廣宇         ,200012,3372,6.7,0.485229408584959,0.48306,0.26378,0.023097,0.029542,0.028071,0.017806,0.27903,321.54,202.87,5.2,5.34,1778.2,130.64,114.3284,1,2000,1999,2000,15
1711,永光         ,200012,3369,6.51,0.890475679184438,0.49771,0.61765,0.020697,0.033136,0.07178,0.041132,0.60101,148.87,61.31,1.99,4.3,3.27,-28.34,-10.4455,-1,2000,1999,2000,15
2520,冠德         ,200012,3263,4.37,0.0885274596747204,0.27959,0.36326,0.030661,0.068316,0.11757,0.088752,1.2281,161.98,9.15,0.29,6.6,-8.04,-35.81,-8.4668,-1,2000,1999,2000,15
1216,統一         ,200112,42682,7.31,0.294066333758628,0.57787,0.41652,0.028085,0.072873,0.0057729,0.052536,1.5947,86.76,64.35,9.4,12.91,-66.71,-12.31,-8.0711,1,2001,2000,2001,21
9904,寶成         ,200112,39075,9.73,0.405315419880591,0.54116,0.61975,0.061539,0.12048,0.05357,0.14517,0.95771,158.51,115.39,8.63,6.83,21.9,42.57,23.6382,1,2001,2000,2001,21
2207,和泰         ,200112,8028,9.17,0.124872758719813,0.44385,0.099935,0.038664,0.088559,0.01475,0.019942,1.2905,117.93,102.26,28.11,5.62,-25.67,-19.0,102.5082,1,2001,2000,2001,21
1319,東陽         ,200112,5553,9.16,0.163512368527526,0.7564,0.50109,0.024516,0.060088,0.060952,0.042937,1.451,67.43,50.67,9.74,3.57,1190.5,344.39,121.9432,1,2001,2000,2001,21
2336,D 致伸       ,200112,5365,9.81,0.75194639386745,0.71554,0.35149,0.015241,0.030098,0.013782,0.014937,0.97482,174.57,148.2,13.51,3.59,-78.21,-73.74,36.3914,1,2001,2000,2001,21
2412,中華電       ,200212,496857,26.74,0.355073651878849,0.73806,1.4652,0.09279,0.12366,0.31471,0.24549,0.33268,45.94,27.27,61.03,10.22,15.41,15.98,3.6275,-1,2002,2001,2002,5
1303,南亞         ,200212,186434,14.81,0.604990641908259,0.66413,0.64956,0.049807,0.098902,0.069682,0.097377,0.98571,179.97,101.74,4.89,6.0,1520.64,317.08,78.5955,1,2002,2001,2002,5
2002,中鋼         ,200212,179799,7.73,0.387245431483135,0.51844,0.60202,0.078066,0.1242,0.19853,0.14458,0.59097,163.38,90.89,4.45,41.18,191.69,126.97,56.1449,1,2002,2001,2002,5
1326,台化         ,200212,153844,16.09,0.142187159290504,0.68849,0.7743,0.059297,0.1123,0.10187,0.12631,0.8939,203.26,103.61,3.92,13.34,131.16,138.04,74.1454,1,2002,2001,2002,5
3045,台灣大       ,200212,130577,19.38,0.184100289427511,1.331,1.4873,0.09733,0.22261,0.28057,0.25993,1.2872,186.55,170.46,25.34,10.78,-17.19,-10.91,14.1383,-1,2002,2001,2002,5
2324,仁寶         ,200212,91715,16.92,0.370362686515198,0.9087,0.34637,0.081783,0.16438,0.073291,0.064612,1.0099,245.94,205.49,13.17,6.07,116.84,56.79,52.5414,1,2002,2001,2002,5
2409,友達         ,200212,81662,11.98,0.841560087468206,0.61816,0.63554,0.046625,0.077384,0.10192,0.079571,0.6597,197.7,155.73,7.25,7.95,222.62,189.75,109.5993,1,2002,2001,2002,5
2301,光寶科       ,200212,74659,22.82,0.571025872824379,1.0396,0.40728,0.056491,0.11477,0.062277,0.049143,1.0317,143.21,107.14,8.33,6.65,89.92,120.36,11.8755,-1,2002,2001,2002,5
2311,日月光       ,200212,66397,10.38,0.957384022595723,0.81348,0.70373,0.00123,0.0026063,-0.015031,0.0028305,1.1189,110.83,88.35,13.05,5.65,-48.29,45.27,88.2466,1,2002,2001,2002,5
2353,宏碁         ,200212,64018,15.21,0.373563807642645,0.42785,0.26457,0.078762,0.12763,0.0016569,0.080558,0.62043,173.55,142.47,10.53,4.88,105.14,1453.22,86.3248,1,2002,2001,2002,5
2308,台達電       ,200212,56347,19.57,0.180616887753108,0.90143,0.55978,0.07767,0.14189,0.078242,0.088131,0.82681,188.73,162.62,10.65,4.9,52.16,19.93,18.7532,-1,2002,2001,2002,5
9904,寶成         ,200212,48324,12.03,0.0450511074735742,0.689,0.89843,0.076301,0.14723,0.0088694,0.20564,0.92959,90.65,71.07,6.94,6.07,-83.84,25.9,42.0615,1,2002,2001,2002,5
2603,長榮         ,200212,45463,12.8,0.34743764558179,0.71951,0.39641,0.0091162,0.028491,0.026002,0.01594,2.1253,79.48,71.49,0.0,4.45,-45.13,-26.9,41.0156,1,2002,2001,2002,5
1402,遠東新       ,200212,39660,6.58,0.910569988523029,0.41725,0.27952,0.013831,0.030827,0.10582,0.029935,1.2289,79.84,43.42,7.54,9.65,20.07,46.37,54.4073,1,2002,2001,2002,5
8008,建興電       ,200212,39548,34.57,0.800558656278811,1.1663,0.36161,0.22246,0.46011,0.13289,0.14263,1.0683,190.26,152.37,7.3,7.85,76.58,125.47,51.374,1,2002,2001,2002,5
2610,華航         ,200212,37757,15.0,0.745847484342721,0.81037,0.48031,0.019055,0.066672,0.066834,0.039518,2.499,55.71,29.54,0.0,15.2,58.99,74.75,9.1333,-1,2002,2001,2002,5
1216,統一         ,200212,37176,6.72,0.813112813610761,0.55768,0.39763,0.013216,0.03168,0.007888,0.026073,1.397,66.98,44.46,9.44,10.77,37.83,-66.29,33.1845,1,2002,2001,2002,5
2356,英業達       ,200212,36883,8.39,0.383306318625529,0.60273,0.18778,0.071069,0.12848,0.019068,0.041542,0.80788,176.62,131.5,14.53,7.01,752.25,-11.32,9.7735,-1,2002,2001,2002,5
2323,中環         ,200212,36273,13.11,0.530051704765016,0.842,1.4438,-0.0025143,-0.0047808,0.07316,-0.00824,0.90147,133.53,104.41,5.82,3.85,-54.93,-106.23,88.4821,1,2002,2001,2002,5
2347,聯強         ,200212,34655,19.24,0.451638770451973,0.72385,0.14807,0.075978,0.14083,0.023252,0.02906,0.8536,167.2,108.59,11.77,8.95,19.54,70.73,0.0,-1,2002,2001,2002,5
2325,矽品         ,200212,31859,8.6,0.98610424189597,0.60014,0.70434,0.0091962,0.016242,0.024516,0.019068,0.76617,216.78,174.89,14.56,5.48,7871.91,135.46,105.814,1,2002,2001,2002,5
2377,微星         ,200212,31671,26.1,0.0299919502693899,0.86884,0.23046,0.09601,0.20011,0.061014,0.053083,1.0843,182.24,126.63,8.01,8.8,-4.0,-12.91,4.8659,-1,2002,2001,2002,5
1605,華新         ,200212,31265,6.72,0.0870772199008923,0.40777,0.6065,0.01305,0.018469,0.021183,0.028787,0.41529,202.42,148.35,6.38,6.55,-71.35,152.07,18.006,-1,2002,2001,2002,5
2371,大同         ,200212,28838,6.85,0.802091440555804,0.69756,0.35474,-0.046968,-0.1241,-0.015281,-0.06692,1.6422,86.85,61.77,5.78,3.1,81.65,51.99,25.5474,-1,2002,2001,2002,5
1802,台玻         ,200212,28560,12.49,0.0669462583977502,0.59363,1.0365,0.05711,0.069241,0.13504,0.12228,0.21242,295.73,179.32,3.22,6.92,-15.77,-19.06,17.0536,-1,2002,2001,2002,5
1102,亞泥         ,200212,26906,6.46,0.939398361884535,0.37646,0.75116,0.016183,0.032687,0.050294,0.066134,1.0199,117.62,91.94,9.14,3.03,353.77,341.68,41.9505,1,2002,2001,2002,5
1101,台泥         ,200212,26044,6.56,0.783736480083219,0.35061,0.44324,0.0017962,0.0049761,0.094154,0.0073263,1.7704,69.77,55.25,11.76,6.34,294.74,438.63,64.6341,1,2002,2001,2002,5
2609,陽明         ,200212,23479,7.14,0.137868992412558,0.51777,0.23541,0.019041,0.046617,0.018802,0.02119,1.4482,169.14,132.64,0.0,27.04,528.58,268.2,168.4874,1,2002,2001,2002,5
1434,福懋         ,200212,22656,8.39,0.217801593712125,0.62659,0.6023,0.046988,0.084287,0.056889,0.081838,0.79379,118.26,52.35,3.69,6.81,-9.49,89.16,5.3635,-1,2002,2001,2002,5
2327,國巨         ,200212,20286,8.3,0.106941658550207,0.51393,1.2188,-0.073828,-0.12715,0.0038261,-0.30147,0.72218,101.19,66.0,1.95,4.02,-98.34,-236.79,67.8313,1,2002,2001,2002,5
1504,東元         ,200212,19360,7.32,0.410629090059514,0.42882,0.52967,0.0083889,0.016999,0.033141,0.020998,1.0263,121.28,66.17,3.26,4.61,248.32,138.82,16.2568,-1,2002,2001,2002,5
3034,聯詠         ,200212,18919,22.87,0.945579189035263,1.4276,0.95173,0.19074,0.23416,0.15041,0.15606,0.2276,451.06,374.63,9.82,6.32,64.46,21.67,73.9397,1,2002,2001,2002,5
1451,年興         ,200212,18549,17.9,0.988302262313286,1.077,1.0281,0.15072,0.19565,0.18362,0.18786,0.29813,248.01,131.31,3.67,11.17,-10.93,25.37,11.4525,-1,2002,2001,2002,5
3008,大立光       ,200212,16583,106.23,0.662381860399481,2.5493,4.6695,0.21177,0.23699,0.41722,0.44736,0.11912,1000.76,898.55,4.07,4.56,51.03,52.57,94.4837,1,2002,2001,2002,5
1722,台肥         ,200212,15386,11.88,0.680178371230502,0.3622,1.4869,0.02057,0.033215,0.10686,0.13638,0.61471,1124.28,965.96,5.62,8.12,34.75,20.36,39.1414,1,2002,2001,2002,5
2332,友訊         ,200212,14973,15.69,0.602638218036397,0.80751,0.3839,0.046118,0.090361,0.032122,0.042969,0.95933,226.8,153.96,4.46,5.99,25.59,-8.14,65.8381,1,2002,2001,2002,5
1710,東聯         ,200212,14678,12.11,0.750520055923736,0.90916,0.99917,0.087799,0.12054,0.1561,0.13249,0.37289,118.77,65.52,9.84,12.53,120.84,73.68,60.7762,1,2002,2001,2002,5
9907,統一實       ,200212,14042,6.66,0.583533174261959,0.61781,0.63009,0.0039137,0.0095802,0.076429,0.010072,1.4479,40.37,14.88,4.4,10.98,142.79,138.52,4.2042,-1,2002,2001,2002,5
3037,欣興         ,200212,13832,11.87,0.551792514935968,0.68297,0.52429,0.040144,0.082714,0.096152,0.063505,1.0604,195.21,171.71,17.95,3.82,5.32,-11.42,48.1887,1,2002,2001,2002,5
1717,長興         ,200212,13365,9.38,0.511819919958475,0.5637,0.34974,0.05051,0.098915,0.078187,0.062241,0.95833,140.5,89.61,5.3,4.48,36.65,45.79,-2.6652,-1,2002,2001,2002,5
2315,神達         ,200212,13227,7.84,0.0825927269986994,0.48878,0.22522,0.024229,0.0518,0.0008872,0.02428,1.1379,101.66,54.56,3.21,4.19,-98.67,-40.06,15.5612,-1,2002,2001,2002,5
2489,瑞軒         ,200212,12718,15.44,0.454694864991908,0.74662,0.36841,0.060721,0.11184,0.043256,0.055193,0.84183,420.48,390.18,16.56,4.74,17.48,-7.96,-12.1762,-1,2002,2001,2002,5
2384,勝華         ,200212,12440,13.78,0.125654587362626,0.66155,0.72795,0.01187,0.022484,0.067183,0.024738,0.89408,191.97,112.45,2.6,5.21,183647.16,241.72,29.2453,-1,2002,2001,2002,5
2343,精業         ,200212,12387,12.52,0.308914593566815,0.7138,1.1119,0.044843,0.055346,0.042651,0.086173,0.23421,258.37,204.54,6.96,5.55,-10.46,-33.22,32.6677,1,2002,2001,2002,5
1907,永豐餘       ,200212,12076,5.61,0.00980225226306208,0.45573,0.32334,0.020574,0.042312,0.060776,0.030179,1.0566,125.22,88.85,5.97,3.67,74.47,66.73,59.5365,1,2002,2001,2002,5
2501,國建         ,200212,11832,6.34,0.84321333801051,0.53683,3.268,-0.032556,-0.036438,-0.22398,-0.22172,0.11927,917.81,264.71,0.22,11.54,-8.43,-108.8,77.7603,1,2002,2001,2002,5
9910,豐泰         ,200212,10588,12.49,0.729513045504647,0.79402,0.2502,0.073053,0.096045,0.083724,0.055537,0.31473,213.13,145.62,9.12,21.04,17.09,12.33,27.7822,-1,2002,2001,2002,5
1103,嘉泥         ,200212,10249,12.87,0.224277070664514,0.72712,0.79346,0.010195,0.026373,0.11753,0.04276,1.5868,130.92,100.14,2.24,4.35,10.64,199.97,36.519,1,2002,2001,2002,5
2385,群光         ,200212,10181,12.81,0.269054731773365,0.858,0.18947,0.11991,0.27887,0.066628,0.065876,1.3256,116.08,59.17,6.23,6.57,6.03,26.55,104.7619,1,2002,2001,2002,5
1507,永大         ,200212,10065,16.73,0.23644493264091,0.93778,1.2504,0.046224,0.064196,0.13997,0.090521,0.38879,261.75,185.33,2.77,4.35,42.95,27.39,-10.5798,-1,2002,2001,2002,5
5371,中光電       ,200212,10038,11.55,0.177123754498317,0.55824,0.20563,0.060064,0.11045,0.055105,0.040684,0.83892,183.87,135.06,8.18,5.0,54.62,12.11,25.368,-1,2002,2001,2002,5
2430,燦坤         ,200212,9892,19.96,0.829643385697585,0.81337,0.16299,0.045706,0.11002,0.064459,0.032766,1.4071,124.04,70.22,6.0,14.98,32.61,32.34,12.1743,-1,2002,2001,2002,5
1313,聯成         ,200212,9683,8.62,0.766921667935265,0.64137,0.70888,0.037213,0.054738,0.062434,0.065524,0.47096,180.17,111.41,6.04,8.24,781.93,1364.95,16.7053,-1,2002,2001,2002,5
1440,南紡         ,200212,9383,5.12,0.93447827311827,0.41158,0.61465,0.025042,0.040415,0.040389,0.060327,0.61389,221.3,56.47,2.19,12.11,202.04,177.09,66.0156,1,2002,2001,2002,5
1904,正隆         ,200212,9207,6.5,0.182227505601056,0.47101,0.38783,0.038,0.067403,0.074748,0.055495,0.77375,231.8,94.4,2.55,6.25,105.48,121.94,29.5385,-1,2002,2001,2002,5
2526,大陸         ,200212,8729,6.17,0.895891573792568,0.33679,0.29507,0.021206,0.048209,0.047178,0.042255,1.2734,121.8,31.5,1.26,5.21,106.63,117.49,31.6045,1,2002,2001,2002,5
2477,美隆電       ,200212,8701,24.89,0.0441655717626611,1.2628,0.7725,0.16062,0.24342,0.18784,0.15044,0.51547,334.45,267.79,11.44,5.09,40.95,38.67,0.40177,-1,2002,2001,2002,5
2396,精碟         ,200212,8372,13.9,0.557295155804762,0.62444,1.0435,-0.019642,-0.036392,0.032123,-0.060804,0.8528,117.85,93.36,6.75,2.04,-81.7,-139.05,89.7122,1,2002,2001,2002,5
2416,世平         ,200212,8062,18.99,0.338955678247718,0.76851,0.11567,0.026685,0.082099,0.031042,0.012354,2.0766,162.17,83.76,6.32,6.35,55.55,136.45,17.5882,-1,2002,2001,2002,5
5522,遠雄         ,200212,8029,9.07,0.210145637043552,0.63694,0.48555,0.020049,0.071364,0.10668,0.054483,2.5594,126.89,8.95,0.35,9.5,-31.09,-50.75,30.7607,1,2002,2001,2002,5
2393,億光         ,200212,7848,18.06,0.51015251976525,0.87204,1.0163,0.088278,0.11801,0.13324,0.13757,0.33679,234.19,161.49,4.12,4.06,472.97,967.99,90.9745,1,2002,2001,2002,5
2014,中鴻         ,200212,7781,5.18,0.906364323265215,0.56489,0.25505,0.069425,0.18757,0.13038,0.084678,1.7018,46.59,8.34,6.55,37.14,375.7,178.84,105.4054,1,2002,2001,2002,5
1718,中纖         ,200212,7617,4.99,0.628923938652318,0.52471,0.52306,-0.028937,-0.07308,0.04076,-0.072808,1.5255,87.61,49.18,7.16,4.9,-17.11,-7579.13,116.8337,1,2002,2001,2002,5
2903,遠百         ,200212,7501,5.05,0.390854752726355,0.32023,0.066579,-0.0076326,-0.031985,0.013738,-0.0078197,3.1906,34.5,22.64,25.83,87.88,373.28,-298.01,67.3267,1,2002,2001,2002,5
1304,台聚         ,200212,7482,5.78,0.501282913203215,0.49571,0.76253,0.00091426,0.0017296,0.029928,0.0029328,0.89182,109.7,76.64,7.65,11.15,16.56,95.85,38.2353,1,2002,2001,2002,5
2606,裕民         ,200212,7429,4.55,0.894447755567393,0.32593,0.58786,0.012403,0.026133,0.074445,0.047139,1.107,140.68,115.71,0.0,18.71,-67.66,-55.99,203.0769,1,2002,2001,2002,5
1409,新纖         ,200212,7289,5.2,0.390004914445285,0.57778,0.41734,0.020864,0.047945,0.036452,0.034928,1.298,95.39,49.23,5.62,8.95,501.93,260.74,45.3846,1,2002,2001,2002,5
2905,三商行       ,200212,7279,9.97,0.927356224998125,0.81654,0.2505,0.021714,0.054692,0.016612,0.016776,1.5187,135.64,69.01,5.05,8.96,-47.59,-84.73,-5.3159,-1,2002,2001,2002,5
2006,東鋼         ,200212,7231,5.93,0.343287890241345,0.38432,0.22677,0.013314,0.031442,0.046513,0.01855,1.3615,90.47,47.9,7.12,8.14,97.55,184.77,34.9073,1,2002,2001,2002,5
2449,京元電       ,200212,7110,8.53,0.124774040660493,0.39878,0.71321,-0.01611,-0.031642,-0.033799,-0.056588,0.96413,88.95,81.82,102.04,5.06,73.77,61.77,118.5229,1,2002,2001,2002,5
1726,永記         ,200212,6984,28.54,0.646477432425814,1.1457,0.87278,0.093523,0.12723,0.14311,0.096904,0.36038,353.06,241.94,4.06,4.42,20.4,-6.55,-6.2369,-1,2002,2001,2002,5
2354,鴻準         ,200212,6833,12.33,0.749822209360636,0.75183,0.26921,0.051898,0.073593,0.0077493,0.026343,0.41804,288.76,269.09,46.12,4.87,-47.81,23.57,112.4088,1,2002,2001,2002,5
2350,環電         ,200212,6781,6.34,0.552261616858355,0.50679,0.13409,0.014978,0.032832,0.025285,0.0086844,1.192,125.24,89.14,10.03,5.41,44.38,269.17,39.5899,1,2002,2001,2002,5
3049,和鑫         ,200212,6759,13.92,0.979129132433892,0.82709,1.6914,0.058144,0.11993,0.24261,0.2452,1.0627,99.77,55.72,4.35,3.87,786.44,215.71,63.6494,1,2002,2001,2002,5
1905,華紙         ,200212,6645,8.54,0.61947155517778,0.70057,0.77636,0.04483,0.063014,0.091023,0.073761,0.40562,471.56,331.12,5.92,7.18,232.84,284.96,52.3419,1,2002,2001,2002,5
2403,友尚         ,200212,6588,14.79,0.41390074869019,0.50912,0.10451,0.044699,0.084416,0.030465,0.017953,0.88856,189.45,100.26,9.62,7.17,261.98,2140.28,16.3624,-1,2002,2001,2002,5
6180,橘子         ,200212,6535,32.99,0.492345104384938,1.1653,1.4728,0.18022,0.23246,0.25725,0.29374,0.28987,349.08,337.13,42.14,4.27,53.98,133.21,-32.2825,-1,2002,2001,2002,5
1314,中石化       ,200212,6509,4.14,0.69474323313261,0.46674,0.41359,-0.035687,-0.13493,0.0032492,-0.11962,2.7808,28.81,15.36,8.41,7.92,104.08,48.92,21.9807,-1,2002,2001,2002,5
2328,廣宇         ,200212,6469,12.86,0.972733885079784,0.85676,1.0008,0.021963,0.025498,0.040542,0.032886,0.16098,513.11,444.92,10.95,4.88,-10.66,3.84,15.9409,-1,2002,2001,2002,5
2102,泰豐         ,200212,6217,15.3,0.356868986182542,1.1095,0.91234,0.072344,0.15721,0.13622,0.12932,1.173,108.89,72.95,6.52,4.31,114.59,64.74,26.2745,-1,2002,2001,2002,5
2365,昆盈         ,200212,6209,11.68,0.662653834287215,0.60612,0.30932,0.088373,0.12834,0.082695,0.065533,0.45223,224.43,168.67,8.08,9.7,47.89,33.09,26.0274,-1,2002,2001,2002,5
3007,綠點         ,200212,6194,25.63,0.281501559148491,1.1187,0.57518,0.11578,0.1897,0.12517,0.097534,0.63838,216.4,159.95,7.95,5.5,58.37,55.19,72.2201,1,2002,2001,2002,5
9934,成霖         ,200212,5896,19.92,0.348784808510059,0.96793,0.42464,0.12313,0.17943,0.13618,0.10081,0.45729,251.38,176.61,4.53,16.13,60.31,64.56,-9.7892,-1,2002,2001,2002,5
2398,博達         ,200212,5829,16.65,0.715045013296177,0.57732,0.8847,0.0066056,0.013381,0.070421,0.023961,1.0257,295.07,247.57,5.27,1.98,-57.89,-84.67,-12.6126,-1,2002,2001,2002,5
5305,敦南         ,200212,5785,10.4,0.731050829723742,0.79632,0.6545,0.055875,0.089351,0.074056,0.073437,0.59911,126.41,91.39,7.0,5.46,148.28,165.23,40.8654,1,2002,2001,2002,5
1704,榮化         ,200212,5771,6.11,0.137762892519516,0.38428,0.26257,0.031094,0.060467,0.049213,0.041694,0.94465,170.8,128.25,7.56,13.51,177.29,397.17,19.9673,-1,2002,2001,2002,5
1229,聯華         ,200212,5720,5.48,0.13860171574236,0.38003,1.8451,0.022854,0.030455,0.013393,0.14775,0.33256,115.27,68.03,3.14,6.91,145.1,71.78,12.4088,-1,2002,2001,2002,5
2495,普安         ,200212,5650,12.37,0.806759544661106,0.88993,1.2939,0.17864,0.19682,0.29128,0.28604,0.10176,832.18,624.69,2.04,8.8,-18.05,-15.55,147.696,1,2002,2001,2002,5
5387,茂德         ,200312,45463,9.3,0.0461915563315478,0.8716,1.3901,0.0049138,0.0082427,0.033734,0.013156,0.67745,147.38,106.75,6.17,3.26,154.4,116.14,20.8602,1,2003,2002,2003,21
2356,英業達       ,200312,39709,9.21,0.07068433538665,0.65458,0.21479,0.081507,0.14901,0.017735,0.048898,0.82813,164.65,123.39,11.48,6.19,-1.44,23.08,-7.709,-1,2003,2002,2003,21
1102,亞泥         ,200312,36894,9.17,0.543663232841362,0.46643,1.0338,0.040639,0.079349,0.11776,0.18359,0.95251,99.85,74.85,7.83,3.74,141.46,167.63,36.8593,1,2003,2002,2003,21
1605,華新         ,200312,34293,7.93,0.433260561007948,0.47485,0.56602,0.0037329,0.0057797,0.045977,0.0071542,0.54831,155.59,97.36,6.11,8.92,164.57,-66.27,64.691,1,2003,2002,2003,21
2501,國建         ,200312,21037,11.27,0.57675829785801,0.99208,5.0995,0.014582,0.014957,-0.14323,0.07683,0.025659,8350.77,3094.02,0.3,14.37,22.99,141.73,55.8119,1,2003,2002,2003,21
9907,統一實       ,200312,14621,6.94,0.454741828039112,0.6414,0.57025,0.014007,0.03269,0.090099,0.030011,1.3339,50.15,16.35,5.34,12.65,39.75,234.6,5.9078,1,2003,2002,2003,21
2607,榮運         ,200312,13712,9.88,0.148876720337549,0.57913,1.5223,0.018271,0.030797,0.13694,0.080935,0.68554,149.87,148.3,0.0,1.93,590.23,2.71,23.8866,1,2003,2002,2003,21
1409,新纖         ,200312,10602,7.56,0.609629689675732,0.74851,0.51012,0.010993,0.023749,0.0076934,0.016256,1.1603,121.5,68.51,6.43,7.9,-74.9,-53.5,13.0952,1,2003,2002,2003,21
2605,新興         ,200312,9529,9.86,0.561920154265977,0.52419,1.2529,0.078136,0.16603,0.37049,0.41149,1.1249,182.67,171.61,0.0,26.95,79.65,119.09,80.6288,1,2003,2002,2003,21
1314,中石化       ,200312,9041,5.05,0.134338341728708,0.5778,0.47108,0.0058101,0.018893,0.0032197,0.015409,2.2518,128.67,79.83,11.05,7.6,20.94,115.72,37.4257,1,2003,2002,2003,21
2103,台橡         ,200312,8868,7.77,0.163898318329708,0.61085,0.41418,0.043033,0.070282,0.071838,0.050766,0.63322,117.31,71.54,6.87,9.16,321.06,1004.73,0.9009,1,2003,2002,2003,21
2010,春源         ,200312,7606,9.32,0.190784648009122,0.55377,0.26606,0.050389,0.1045,0.061593,0.053178,1.0738,159.28,88.94,3.78,4.01,12.99,8.03,37.1245,1,2003,2002,2003,21
2515,中工         ,200312,7535,4.42,0.593361860386109,0.37713,0.541,0.0022488,0.0055702,0.009616,0.0080049,1.477,140.65,25.57,0.56,3.08,-13.33,18.24,26.0181,1,2003,2002,2003,21
2412,中華電       ,200412,602982,38.09,0.612809588835559,1.0231,2.0132,0.10674,0.13884,0.32676,0.27313,0.30067,67.5,53.19,69.94,13.26,2.26,2.81,-1.7327,-1,2004,2003,2004,1
6505,台塑化       ,200412,481417,36.75,0.819422242231876,1.7181,0.88554,0.14207,0.28064,0.15991,0.14466,0.97536,211.6,113.5,8.79,11.25,156.7,165.42,13.6871,-1,2004,2003,2004,1
2317,鴻海         ,200412,474960,56.38,0.531889169492926,1.5144,0.3363,0.098092,0.24077,0.062044,0.054944,1.4546,135.76,95.99,9.34,5.88,27.07,20.7,51.011,1,2004,2003,2004,1
2303,聯電         ,200412,364735,18.13,0.202075096548432,1.1563,2.3824,0.084621,0.11575,0.16879,0.24648,0.36787,363.23,323.87,10.05,8.12,123.89,128.71,1.1583,-1,2004,2003,2004,1
2002,中鋼         ,200412,354023,17.55,0.453893465680522,0.9365,0.90046,0.19914,0.27893,0.32898,0.26902,0.40067,233.22,154.38,4.7,63.28,41.08,39.6,-16.0684,-1,2004,2003,2004,1
1303,南亞         ,200412,339353,28.92,0.427910919820171,1.1319,0.92249,0.12915,0.24241,0.12041,0.19868,0.877,182.07,107.89,6.18,6.78,100.2,153.14,6.9848,-1,2004,2003,2004,1
1326,台化         ,200412,295009,33.66,0.966052749611999,1.186,1.122,0.18844,0.29815,0.18734,0.28201,0.58219,198.56,117.57,5.99,13.56,102.68,133.15,4.1295,-1,2004,2003,2004,1
1301,台塑         ,200412,277692,30.65,0.620055054133474,1.154,1.1318,0.16414,0.2686,0.16016,0.26342,0.63637,196.31,127.53,7.74,18.23,147.03,118.89,7.6672,-1,2004,2003,2004,1
2409,友達         ,200412,227574,31.54,0.695389951918004,1.1947,0.92792,0.12121,0.21417,0.17017,0.16634,0.76689,111.47,74.82,9.94,8.93,76.1,78.56,20.7356,1,2004,2003,2004,1
2454,聯發科       ,200412,166176,121.41,0.556694632012102,2.1735,2.2856,0.29959,0.3347,0.36833,0.35324,0.11721,874.59,778.91,7.7,11.1,-0.04,-12.77,106.6963,1,2004,2003,2004,1
3009,D 奇美電     ,200412,163428,29.52,0.156495219114045,1.1696,0.97555,0.083871,0.17692,0.1557,0.1458,1.1094,117.44,70.53,6.49,6.38,120.51,143.57,31.8767,1,2004,2003,2004,1
4904,遠傳         ,200412,147928,29.63,0.562056045561775,1.6334,1.7378,0.12918,0.20144,0.28036,0.21434,0.5594,81.51,63.19,40.69,13.05,120.59,70.73,3.915,-1,2004,2003,2004,1
2353,宏碁         ,200412,109901,33.22,0.694803289108456,1.125,0.3033,0.056336,0.1127,0.016917,0.031161,1.0004,141.96,116.96,17.52,7.28,106.81,-4.2,75.1957,1,2004,2003,2004,1
2324,仁寶         ,200412,105822,20.22,0.426455535710237,1.1541,0.28812,0.05119,0.10854,0.046309,0.028605,1.1204,149.93,120.98,13.85,5.5,-8.6,-38.96,1.088,-1,2004,2003,2004,1
2475,華映         ,200412,98732,12.03,0.836270420676314,0.8636,0.69901,0.050388,0.10728,0.098523,0.088144,1.1291,108.62,90.22,10.37,5.54,170.71,829.0,-20.6151,-1,2004,2003,2004,1
2311,日月光       ,200412,98415,14.24,0.731387066161933,1.0912,0.68527,0.031427,0.070494,0.092411,0.051518,1.2431,142.42,94.48,9.26,6.15,130.89,82.19,38.9747,1,2004,2003,2004,1
1402,遠東新       ,200412,96891,17.06,0.360031042085772,0.92516,0.53363,0.040861,0.08529,0.16136,0.076138,1.0873,77.07,46.89,8.23,11.8,148.82,107.38,-2.755,-1,2004,2003,2004,1
2308,台達電       ,200412,88814,33.58,0.386389898592172,1.6075,0.94299,0.10267,0.18559,0.094666,0.11796,0.80756,200.38,173.84,10.04,4.7,24.66,30.08,33.7105,1,2004,2003,2004,1
2301,光寶科       ,200412,85161,27.86,0.775554642250536,1.439,0.32016,0.057593,0.13973,0.045878,0.035223,1.4262,154.75,112.69,8.88,6.03,42.61,4.94,44.4724,1,2004,2003,2004,1
2352,佳世達       ,200412,84498,50.09,0.734271105685939,2.3594,0.66257,0.076487,0.14763,0.019583,0.043603,0.93013,136.46,82.01,8.5,8.06,-33.84,1.6,-3.2342,-1,2004,2003,2004,1
2603,長榮         ,200412,77872,21.12,0.430277845074156,0.98005,0.39264,0.089103,0.21691,0.094179,0.092611,1.4343,133.1,124.7,0.0,7.44,145.05,166.46,-11.9318,-1,2004,2003,2004,1
3012,廣輝         ,200412,72922,17.52,0.693752574133913,1.1267,1.1743,0.043318,0.095057,0.097902,0.099073,1.1944,261.86,233.69,10.53,5.45,11595.25,903.11,-31.5068,-1,2004,2003,2004,1
2609,陽明         ,200412,69423,19.77,0.94521348716846,1.0087,0.49912,0.1088,0.22349,0.13836,0.11061,1.0541,235.52,214.97,0.0,35.48,55.18,47.35,-21.6995,-1,2004,2003,2004,1
1216,統一         ,200412,56031,11.11,0.109334239524346,0.90768,0.54918,0.021111,0.054255,0.0046489,0.03825,1.57,72.01,47.41,9.06,10.72,27.53,0.34,-3.6004,-1,2004,2003,2004,1
1101,台泥         ,200412,55296,14.32,0.389930657156485,0.747,0.77531,0.02955,0.071713,0.18037,0.085616,1.4268,139.54,102.71,16.37,7.43,10.94,136.2,22.2067,1,2004,2003,2004,1
2325,矽品         ,200412,55152,14.97,0.590904730405336,0.92751,0.88111,0.072626,0.12785,0.12291,0.12147,0.76044,253.45,212.2,14.91,6.28,71.88,50.85,95.1904,1,2004,2003,2004,1
1605,華新         ,200412,53266,13.06,0.8341890610569,0.68628,0.59607,0.098849,0.13216,0.07999,0.11803,0.33696,282.88,191.09,7.09,14.22,167.79,2817.64,-24.5023,-1,2004,2003,2004,1
6116,彩晶         ,200412,52887,10.5,0.863710865055866,0.90206,1.3654,0.021697,0.042638,0.067751,0.064516,0.96521,100.64,83.49,11.08,6.08,175.21,193.46,-24.0952,-1,2004,2003,2004,1
2371,大同         ,200412,52686,12.55,0.0780690530324343,1.0287,0.4743,0.042144,0.087475,-0.00072397,0.042238,1.0756,99.62,69.88,8.67,5.57,87.45,3237.9,-26.6932,-1,2004,2003,2004,1
2618,長榮航       ,200412,51034,24.06,0.500211324281102,1.8255,0.95212,0.027551,0.075228,0.057048,0.039234,1.7305,75.83,44.82,0.0,11.91,89.09,132.27,3.616,-1,2004,2003,2004,1
2912,統一超       ,200412,46673,35.6,0.571615725404089,2.2675,0.34195,0.089842,0.20328,0.035537,0.031985,1.2626,53.9,26.78,24.43,130.19,-0.57,-16.95,41.6292,1,2004,2003,2004,1
3034,聯詠         ,200412,44242,54.88,0.12218915092342,2.481,1.2498,0.26911,0.40477,0.21138,0.2039,0.50411,263.81,232.86,11.3,5.63,73.47,67.89,107.6348,1,2004,2003,2004,1
8008,建興電       ,200412,43005,40.71,0.671166232988653,1.7141,0.5274,0.11384,0.27191,0.093573,0.083649,1.3886,157.34,120.58,6.08,4.22,3.41,-5.33,-23.0165,-1,2004,2003,2004,1
2105,正新         ,200412,42482,17.97,0.599585548122814,1.0124,0.59622,0.047947,0.11156,0.084677,0.072299,1.3268,132.79,79.39,4.68,9.11,-17.47,-19.89,-20.0334,-1,2004,2003,2004,1
1802,台玻         ,200412,41601,18.71,0.0559761573877905,0.88841,1.2921,0.096713,0.12873,0.22549,0.19026,0.33106,290.97,226.52,5.52,7.4,118.99,111.94,-1.0689,-1,2004,2003,2004,1
2347,聯強         ,200412,38833,22.58,0.15250063700247,0.94083,0.13635,0.053574,0.12292,0.020542,0.01808,1.2944,160.17,101.22,11.41,8.6,5.47,2.17,-2.0372,-1,2004,2003,2004,1
2354,鴻準         ,200412,34948,34.2,0.617390171454084,1.7387,0.40464,0.079748,0.20702,0.052385,0.048183,1.5959,133.53,96.87,11.34,5.01,41.93,17.46,163.7719,1,2004,2003,2004,1
3019,亞光         ,200412,34919,117.34,0.520129415310742,2.3076,0.8527,0.12482,0.24122,0.083097,0.089763,0.93247,160.5,136.15,20.44,5.73,18.33,22.95,45.3554,1,2004,2003,2004,1
2356,英業達       ,200412,34619,8.5,0.863868222933611,0.64737,0.13217,0.041288,0.086405,0.0088566,0.01764,1.0928,131.51,91.98,14.07,7.54,-21.01,-42.94,47.8824,1,2004,2003,2004,1
1520,D 復盛       ,200412,31166,33.17,0.516996758096945,1.7939,1.147,0.13331,0.23366,0.16883,0.15029,0.75283,145.87,90.79,3.72,6.38,-20.74,-17.89,3.4368,-1,2004,2003,2004,1
2227,裕日車       ,200412,30600,82.96,0.143156022083576,2.087,0.50242,0.18349,0.26446,0.062559,0.063664,0.44133,243.05,240.83,3539.26,59.59,43.24,-28.28,27.3867,1,2004,2003,2004,1
2395,研華         ,200412,28820,46.17,0.00457962394732347,2.2391,1.2911,0.20043,0.26733,0.19923,0.16141,0.33378,331.47,245.12,4.88,8.2,27.32,99.48,34.0048,1,2004,2003,2004,1
2391,合勤         ,200412,27959,46.1,0.766681998621487,2.0434,1.3923,0.18867,0.23143,0.15723,0.16002,0.22666,413.04,294.12,4.91,8.43,38.46,30.9,-0.5423,-1,2004,2003,2004,1
2327,國巨         ,200412,25933,10.51,0.100750511921236,0.99432,1.4397,-0.21502,-0.42533,0.055624,-0.61618,0.9781,125.5,76.57,2.46,4.09,102.46,-1187.73,22.8354,1,2004,2003,2004,1
2349,錸德         ,200412,25502,11.6,0.585609125701878,0.47697,1.014,-0.072943,-0.12371,-0.036709,-0.28192,0.69591,126.64,83.39,3.71,3.66,-124.17,-858.0,-7.1552,-1,2004,2003,2004,1
6239,力成         ,200412,24674,31.03,0.661596193082714,1.3871,1.3616,0.19165,0.3492,0.33436,0.34265,0.82206,73.51,59.68,16.73,6.57,137.99,153.05,78.7625,1,2004,2003,2004,1
1710,東聯         ,200412,23811,19.36,0.171048017525447,1.1819,1.1139,0.21452,0.24832,0.29379,0.2341,0.15756,210.26,157.68,10.68,18.16,62.24,52.13,-24.2252,-1,2004,2003,2004,1
1718,中纖         ,200412,21175,11.62,0.44063468076084,0.73638,0.98059,0.12308,0.17223,0.18902,0.22935,0.39928,222.9,130.11,8.32,9.43,78.62,59.98,-33.1325,-1,2004,2003,2004,1
3037,欣興         ,200412,20011,16.1,0.839697420719669,0.86235,0.58888,0.070633,0.12576,0.10584,0.094743,0.78044,119.04,92.01,10.13,4.07,40.5,81.35,119.2547,1,2004,2003,2004,1
1319,東陽         ,200412,19999,36.36,0.532623502474346,2.1604,1.6117,0.091171,0.16596,0.1271,0.13519,0.82038,99.4,69.47,8.69,4.64,10.64,4.99,-14.1364,-1,2004,2003,2004,1
2474,可成         ,200412,19661,31.24,0.553887065791275,1.1635,1.1744,0.18332,0.3436,0.37888,0.34675,0.87431,136.71,115.05,6.38,2.86,68.47,76.6,251.7606,1,2004,2003,2004,1
1451,年興         ,200412,19327,21.34,0.680065530083361,1.2314,0.95867,0.098609,0.14641,0.081729,0.1143,0.4847,154.26,60.54,4.04,13.02,-35.11,-22.24,-25.4452,-1,2004,2003,2004,1
3008,大立光       ,200412,19014,127.47,0.239290606193545,2.7923,5.0664,0.20281,0.22952,0.40061,0.4164,0.13169,541.9,397.78,2.69,3.85,-14.73,-18.85,217.4237,1,2004,2003,2004,1
2411,飛瑞         ,200412,18074,30.07,0.406776760215226,2.0955,1.4353,0.14607,0.20363,0.14709,0.14099,0.39407,273.99,232.23,9.39,4.11,-9.06,-10.32,0.33256,-1,2004,2003,2004,1
2903,遠百         ,200412,17964,12.46,0.112615141025047,0.68162,0.1577,0.019388,0.068063,0.034181,0.019878,2.5106,42.92,32.51,25.14,62.46,34.76,1254.75,15.8106,1,2004,2003,2004,1
6176,瑞儀         ,200412,17898,37.19,0.3001844012139,1.2972,0.60168,0.16345,0.31934,0.1777,0.14814,0.95378,205.43,171.59,7.39,3.43,152.63,166.92,29.9543,1,2004,2003,2004,1
2377,微星         ,200412,17473,14.64,0.833363563453134,0.58303,0.16129,0.010583,0.023653,0.005019,0.0065437,1.2349,130.49,78.26,6.01,6.59,-88.53,-84.93,-9.7678,-1,2004,2003,2004,1
5522,遠雄         ,200412,17151,19.54,0.390175938130607,1.3356,0.86806,0.016437,0.052696,0.13984,0.03427,2.2059,122.1,11.26,0.6,24.31,336.81,31.34,-15.4043,-1,2004,2003,2004,1
2392,正崴         ,200412,17078,36.74,0.360448893378945,1.2062,0.47832,0.071955,0.16453,0.082625,0.065252,1.2866,106.33,75.74,7.61,4.58,69.7,61.95,84.6761,1,2004,2003,2004,1
3007,綠點         ,200412,16830,69.71,0.140255359269444,2.3129,1.2247,0.19163,0.3218,0.20598,0.1704,0.67925,193.15,139.29,6.33,4.6,30.26,47.71,10.1994,-1,2004,2003,2004,1
2449,京元電       ,200412,16597,12.73,0.429397337085805,0.60303,0.96221,0.094856,0.1725,0.23411,0.27537,0.81857,138.89,129.06,134.14,4.67,186.56,256.97,99.0573,1,2004,2003,2004,1
2331,精英         ,200412,15972,18.05,0.424858411704626,1.0073,0.32319,-0.020896,-0.046195,-0.0052238,-0.015379,1.2107,135.31,74.16,6.06,4.52,-120.45,-210.65,17.0083,1,2004,2003,2004,1
9921,巨大         ,200412,15269,32.88,0.119207259421287,1.6047,0.42514,0.078045,0.19776,0.060392,0.05261,1.534,144.16,81.83,4.26,5.09,7.78,1.2,23.0231,1,2004,2003,2004,1
9915,億豐         ,200412,15080,29.97,0.495066923800459,1.9665,0.84091,0.19315,0.26038,0.15996,0.11183,0.34805,334.86,293.42,20.59,7.62,14.1,5.26,0.23357,-1,2004,2003,2004,1
9907,統一實       ,200412,15017,7.35,0.706407227537561,0.66697,0.53886,0.02186,0.046755,0.095949,0.039007,1.1388,64.69,21.6,5.67,15.08,19.36,50.91,-22.585,-1,2004,2003,2004,1
5371,中光電       ,200412,14841,17.01,0.243573372680951,0.83505,0.15466,0.07517,0.1871,0.05297,0.035352,1.489,152.61,84.93,8.09,8.79,180.33,131.96,77.3075,1,2004,2003,2004,1
9910,豐泰         ,200412,14585,19.56,0.785070081934006,1.266,0.39732,0.075641,0.10441,0.082114,0.057525,0.38039,185.38,122.25,9.25,16.45,-2.63,-0.91,13.1391,-1,2004,2003,2004,1
3231,緯創         ,200412,14429,8.83,0.0740895768609269,0.53193,0.068238,-0.019863,-0.054268,0.0051398,-0.0070548,1.7321,120.75,64.49,10.78,13.3,74.39,-163.44,174.1789,1,2004,2003,2004,1
3035,智原         ,200412,14396,32.0,0.393883426981697,1.9429,1.5231,0.23648,0.30999,0.23645,0.24307,0.31086,281.45,233.41,8.22,5.84,38.1,26.28,22.25,1,2004,2003,2004,1
6605,帝寶         ,200412,14021,69.73,0.00339412296430741,2.1272,1.4461,0.18227,0.29956,0.27522,0.20535,0.64352,181.81,124.64,4.91,6.45,33.77,39.0,30.991,1,2004,2003,2004,1
1904,正隆         ,200412,13923,9.86,0.220676891933024,0.66174,0.53096,0.04358,0.06835,0.061579,0.054866,0.56837,173.76,84.48,4.21,6.42,-5.24,-11.04,-31.1359,-1,2004,2003,2004,1
2029,盛餘         ,200412,13842,28.41,0.00130056870059614,1.153,0.47508,0.18902,0.24034,0.1535,0.0992,0.27152,289.88,130.31,8.5,19.86,91.5,49.29,-36.4308,-1,2004,2003,2004,1
2614,東森         ,200412,13035,8.81,0.142484054820971,0.63887,0.49383,0.068778,0.13455,0.15204,0.10399,0.95626,156.81,110.22,4.7,4.99,153.88,78.43,-21.6799,-1,2004,2003,2004,1
1310,台苯         ,200412,12926,19.54,0.268075999123376,1.4078,0.46758,0.044031,0.084094,0.053463,0.029494,0.90989,138.45,75.61,9.88,8.57,94.7,66.7,-31.4227,-1,2004,2003,2004,1
3006,晶豪科       ,200412,12897,45.25,0.174892065335783,1.3536,0.9355,0.21675,0.27689,0.26948,0.19135,0.27744,459.05,333.83,5.01,18.0,169.65,63.76,-32.6188,-1,2004,2003,2004,1
1717,長興         ,200412,12665,10.17,0.138648971592595,0.58081,0.25852,0.050677,0.1173,0.077009,0.052953,1.3146,169.04,102.27,5.12,4.2,83.13,52.13,36.2832,1,2004,2003,2004,1
1314,中石化       ,200412,12421,6.94,0.901057905682726,0.7519,0.49607,0.014824,0.044845,0.043721,0.029597,2.0252,131.29,71.34,10.68,8.58,1672.33,150.7,9.366,-1,2004,2003,2004,1
2385,群光         ,200412,12064,15.88,0.939379765884238,1.2272,0.199,0.07212,0.22541,0.054474,0.039891,2.1255,101.85,58.47,6.1,6.47,-23.15,-40.23,8.4383,-1,2004,2003,2004,1
1409,新纖         ,200412,11994,8.55,0.221184455939078,0.8066,0.54389,0.019059,0.036426,-0.0052935,0.024621,0.91124,126.51,59.32,5.86,7.99,-176.34,87.16,-27.2515,-1,2004,2003,2004,1
2915,潤泰全       ,200412,11781,13.44,0.376011115924755,1.1936,1.2097,0.0078842,0.01827,0.043674,0.018516,1.3173,61.58,24.91,3.75,19.86,208.45,-82.0,-19.4196,-1,2004,2003,2004,1
2402,毅嘉         ,200412,11654,32.03,0.0683572204708292,1.4526,1.2064,0.087693,0.19332,0.17353,0.16054,1.2045,188.28,141.84,3.93,4.08,29.65,62.6,-23.6653,-1,2004,2003,2004,1
3044,健鼎         ,200412,11527,23.5,0.436327077480103,1.2278,0.57443,0.091778,0.23173,0.12123,0.10871,1.5249,101.19,80.81,10.84,3.83,64.98,80.81,154.7234,1,2004,2003,2004,1
3189,景碩         ,200412,11322,27.12,0.0261071081549049,1.6133,1.2989,0.23773,0.34191,0.29636,0.27525,0.43828,133.06,96.03,9.79,7.08,130.44,123.74,163.1637,1,2004,2003,2004,1
2473,思源         ,200412,11201,40.53,0.95467827408045,1.5703,4.9068,0.17208,0.19276,0.58989,0.60444,0.12015,790.54,782.83,0.0,5.06,38.25,47.74,-7.2539,-1,2004,2003,2004,1
2206,三陽         ,200412,11194,10.38,0.430596519859417,0.6847,0.26239,0.05089,0.13077,0.053107,0.049552,1.5697,103.77,53.71,8.78,34.79,24.14,200.54,-2.5048,-1,2004,2003,2004,1
4906,正文         ,200412,10999,40.61,0.762414484002993,1.2581,0.39927,0.11217,0.23468,0.081514,0.074484,1.0922,150.56,94.34,6.62,4.6,71.41,89.52,-24.8707,-1,2004,2003,2004,1
5903,全家         ,200412,10646,37.4,0.55230984450773,2.4317,0.26941,0.082965,0.21578,0.028559,0.023907,1.6008,100.65,74.16,20.96,79.22,24.88,18.43,10.4011,-1,2004,2003,2004,1
1527,鑽全         ,200412,10348,39.97,0.772366213613043,1.9817,1.7757,0.17228,0.28532,0.34576,0.25569,0.65614,130.64,104.91,5.07,6.87,19.98,18.08,15.4866,1,2004,2003,2004,1
8017,展茂         ,200412,10296,10.61,0.370864718973405,0.85981,1.1228,0.057613,0.11435,0.14827,0.14934,0.98487,227.01,194.94,12.2,4.9,906.01,4346.1,5.0895,-1,2004,2003,2004,1
1304,台聚         ,200412,10221,8.24,0.890928821025695,0.62757,0.7803,0.050885,0.091347,0.13677,0.12583,0.79516,219.67,154.99,5.28,12.68,173.34,411.58,-20.6311,-1,2004,2003,2004,1
2106,建大         ,200412,10216,15.65,0.856376907728261,1.0921,0.57452,0.050352,0.10557,0.068049,0.05529,1.0966,140.7,96.53,4.84,5.31,-10.53,-19.62,-30.9904,-1,2004,2003,2004,1
2343,精業         ,200412,10185,10.75,0.402433549813444,0.75811,1.134,-0.024982,-0.030001,0.0031246,-0.044873,0.20091,269.39,204.03,6.32,4.7,-87.79,-175.1,-8.6512,-1,2004,2003,2004,1
3049,和鑫         ,200412,10046,16.78,0.318019117496735,1.1588,1.1224,0.040951,0.10245,0.15861,0.11184,1.5017,175.72,143.83,8.57,5.89,61.93,23.09,-12.4553,-1,2004,2003,2004,1
2617,台航         ,200412,10030,16.53,0.60863543063499,1.1064,1.8007,0.10843,0.21059,0.36234,0.34257,0.94213,182.89,169.61,0.0,27.03,106.31,39.84,-27.7072,-1,2004,2003,2004,1
1905,華紙         ,200412,9993,13.4,0.910195226694482,1.038,1.1298,0.043683,0.060268,0.090442,0.070477,0.37965,406.24,270.16,5.31,6.48,-18.96,-12.02,-17.4627,-1,2004,2003,2004,1
2010,春源         ,200412,9904,12.78,0.591594408907438,0.70413,0.27296,0.083616,0.17174,0.08041,0.070583,1.054,165.66,88.29,3.91,4.91,83.2,83.58,-20.6573,-1,2004,2003,2004,1
2381,華宇         ,200412,9776,15.9,0.332571407335551,1.2374,0.69645,-0.067202,-0.13635,-0.095985,-0.085998,1.029,126.98,70.42,4.33,6.5,-35.53,-110.03,-3.0818,-1,2004,2003,2004,1
2515,中工         ,200412,9498,5.57,0.179301843821789,0.481,0.68681,0.0031267,0.007378,0.015861,0.010545,1.3597,150.05,30.88,0.56,2.88,67.18,33.95,-29.0844,-1,2004,2003,2004,1
2366,亞旭         ,200412,9149,17.99,0.403856711230207,1.1584,0.28184,0.03458,0.087519,0.050075,0.021292,1.5309,130.45,78.59,6.46,6.93,243.21,82.35,-100.0,-1,2004,2003,2004,1
6244,茂迪         ,200412,9148,36.08,0.548566299856964,1.296,0.70898,0.26696,0.4175,0.21001,0.22838,0.56389,183.06,142.25,7.86,9.63,153.02,154.79,285.061,1,2004,2003,2004,1
2393,億光         ,200412,9113,21.6,0.0487385927822667,1.0112,0.94447,0.13466,0.19641,0.21697,0.18363,0.4585,311.06,231.55,5.89,4.45,34.53,20.13,161.4815,1,2004,2003,2004,1
2328,廣宇         ,200412,9070,17.99,0.552732133178943,1.0785,0.68015,0.076276,0.1112,0.087106,0.076207,0.4579,225.4,202.88,15.95,3.99,117.48,101.73,116.1201,1,2004,2003,2004,1
1312,國喬         ,200412,8957,13.79,0.241501741734112,1.6634,0.40981,0.049631,0.15544,0.10156,0.045538,2.1319,81.2,48.26,12.72,9.07,103.1,211.29,-41.5518,-1,2004,2003,2004,1
2103,台橡         ,200412,8380,7.84,0.17581172827553,0.57478,0.30757,0.079745,0.12647,0.1277,0.074521,0.58593,183.67,118.48,7.62,9.66,141.5,88.67,45.1531,1,2004,2003,2004,1
4532,瑞智         ,200412,8118,20.24,0.188789972641605,1.3978,0.71849,0.064529,0.1525,0.13149,0.087087,1.3633,107.69,51.93,5.27,4.12,280.52,258.46,-8.5968,-1,2004,2003,2004,1
5608,四維航       ,200412,7933,15.71,0.625255180179041,0.96499,1.2273,0.11367,0.27124,0.29354,0.345,1.3862,70.21,48.27,0.0,43.53,110.93,285.1,-7.3838,-1,2004,2003,2004,1
6139,亞翔         ,200412,7741,32.47,0.287427267482543,1.1601,0.47631,0.13197,0.26251,0.13711,0.10778,0.98915,268.23,191.81,10.16,5.81,130.95,97.28,25.3157,1,2004,2003,2004,1
9934,成霖         ,200412,7415,21.61,0.747662837641716,1.2863,0.41839,0.062822,0.1132,0.094227,0.046506,0.80186,189.83,126.12,4.02,6.91,116.12,137.39,-11.8926,-1,2004,2003,2004,1
1704,榮化         ,200412,7348,8.76,0.123219518324506,0.5786,0.28442,0.047372,0.10754,0.043275,0.053496,1.27,167.51,112.86,7.22,12.11,159.57,156.83,66.6667,1,2004,2003,2004,1
2542,興富發       ,200412,7181,9.61,0.147849468032519,0.81097,0.68594,0.041215,0.10543,0.11534,0.08919,1.5581,152.13,19.07,0.65,11.46,191.54,67.47,13.2154,-1,2004,2003,2004,1
1434,福懋         ,200512,27499,11.78,0.0899988149868883,0.83724,0.57352,0.055583,0.10872,0.052494,0.075656,0.95608,152.64,77.36,4.43,9.46,55.89,26.74,61.0357,1,2005,2004,2005,21
2317,鴻海         ,200612,1201592,135.58,0.195071533284261,2.6621,0.53063,0.095535,0.20974,0.05831,0.045338,1.1954,146.44,103.35,11.34,6.36,55.34,50.73,6.8299,-1,2006,2005,2006,21
2412,中華電       ,200612,585871,43.91,0.8803378603792,1.0611,2.3002,0.097295,0.1122,0.30989,0.24328,0.15316,192.34,184.51,43.88,14.49,-2.36,-5.82,14.8713,1,2006,2005,2006,21
1301,台塑         ,200612,309477,39.74,0.844487396483448,1.1806,1.4637,0.10109,0.16043,0.071473,0.19887,0.58703,226.82,178.47,7.74,15.44,-40.47,-4.89,77.8561,1,2006,2005,2006,21
2308,台達電       ,200612,206791,77.29,0.813976926820934,3.0549,1.4468,0.12716,0.20577,0.11815,0.10769,0.61827,196.02,166.32,11.17,4.75,67.07,49.99,17.0009,1,2006,2005,2006,21
2382,廣達         ,200612,198753,42.97,0.89844413718012,1.9875,0.26759,0.056811,0.16707,0.019626,0.024003,1.9408,129.81,96.98,11.75,7.07,42.25,81.04,-15.7086,-1,2006,2005,2006,21
3045,台灣大       ,200612,168977,32.13,0.33432941962222,1.7712,2.7023,0.13656,0.17989,0.32819,0.27452,0.31727,191.5,186.77,1326.08,8.98,-4.8,-1.7,37.0059,1,2006,2005,2006,21
2353,宏碁         ,200612,158920,52.99,0.596647104445246,1.6436,0.34686,0.054208,0.13524,0.021272,0.029127,1.4948,146.65,120.99,11.37,5.0,-2.44,22.16,1.6607,-1,2006,2005,2006,21
8046,南電         ,200612,135325,164.9,0.954102786471214,2.4539,2.6275,0.19404,0.25337,0.29497,0.2713,0.30575,327.52,269.29,10.03,4.85,165.41,155.64,8.5749,1,2006,2005,2006,21
2301,光寶科       ,200612,128102,42.66,0.540105832359366,1.9208,0.54427,0.05072,0.10501,0.045651,0.037813,1.0703,154.22,117.42,7.17,4.58,-3.07,-13.35,5.3446,-1,2006,2005,2006,21
3474,華亞科       ,200612,121638,33.65,0.0712345719245837,1.3227,2.5667,0.11525,0.20051,0.3896,0.38909,0.7398,110.6,96.41,6.56,6.09,176.83,167.6,-25.052,-1,2006,2005,2006,21
2324,仁寶         ,200612,110722,21.83,0.181980467169022,1.1532,0.21482,0.043806,0.11307,0.041544,0.022886,1.581,132.98,108.57,14.64,6.43,29.14,13.61,29.6381,1,2006,2005,2006,21
2356,英業達       ,200612,65923,17.61,0.127266033325133,1.1811,0.15763,0.060269,0.15842,0.01737,0.021937,1.6285,121.71,87.46,14.82,7.02,269.02,74.47,-26.8597,-1,2006,2005,2006,21
6239,力成         ,200612,64056,84.86,0.00864768787809034,2.9568,2.3553,0.17907,0.35676,0.30511,0.28421,0.99228,162.26,137.72,16.73,5.31,44.06,37.5,2.5218,-1,2006,2005,2006,21
3231,緯創         ,200612,61582,31.1,0.354116466056586,1.3498,0.17541,0.072321,0.18477,0.031483,0.024098,1.5549,126.63,79.03,12.69,11.76,83.04,63.02,39.3569,1,2006,2005,2006,21
1605,華新         ,200612,56451,15.6,0.0911001754130539,0.78313,0.40237,0.081791,0.13028,0.055781,0.068858,0.59286,194.64,121.04,8.11,16.48,143.74,453.74,-16.5385,-1,2006,2005,2006,21
8078,華寶         ,200612,55438,74.71,0.594037031444121,3.1417,0.53962,0.18797,0.42406,0.073897,0.073057,1.256,159.51,131.33,19.79,10.51,70.23,63.23,-11.7253,-1,2006,2005,2006,21
2603,長榮         ,200612,54965,17.16,0.241084055169022,0.87284,0.3334,0.0033541,0.0067458,-0.023673,0.0027425,1.0112,100.47,89.56,0.0,9.68,-127.87,-99.56,59.2657,1,2006,2005,2006,21
2395,研華         ,200612,54244,83.61,0.841369101972144,2.7621,2.6367,0.17408,0.20741,0.21043,0.19846,0.1915,382.3,264.31,3.39,6.9,17.9,19.67,-30.3911,-1,2006,2005,2006,21
2609,陽明         ,200612,43048,15.62,0.715635404167474,0.83485,0.33333,0.011883,0.026456,0.013368,0.010654,1.2263,136.83,114.48,0.0,24.77,-86.44,-87.41,36.2356,1,2006,2005,2006,21
2328,廣宇         ,200612,42300,84.9,0.577738876192409,3.0694,3.1031,0.043077,0.05517,0.061954,0.059258,0.28074,225.57,199.78,15.96,3.02,-24.05,-4.46,-25.6302,-1,2006,2005,2006,21
2347,聯強         ,200612,42106,26.18,0.433298977209119,1.1343,0.18447,0.054777,0.11321,0.018276,0.018691,1.0667,167.39,102.78,9.57,8.46,-6.0,-5.69,113.0252,1,2006,2005,2006,21
2207,和泰         ,200612,40690,62.17,0.624000554312344,1.8614,0.38663,0.05623,0.17083,0.046588,0.040035,2.0381,117.05,99.54,22.68,3.42,-9.49,-20.6,19.1732,1,2006,2005,2006,21
5347,世界         ,200612,40354,19.67,0.802965315958237,1.5108,2.5025,0.12396,0.14052,0.27609,0.2327,0.13357,724.02,633.38,7.29,6.02,40.31,11.35,5.4398,-1,2006,2005,2006,21
3367,英華達       ,200612,39666,55.67,0.999477858635892,2.1469,0.23066,0.054667,0.18216,0.023626,0.019572,2.3322,116.73,77.53,9.14,6.04,-32.29,-31.3,-20.5676,-1,2006,2005,2006,21
5522,遠雄         ,200612,38475,44.12,0.232240145961793,2.1596,1.4604,0.10767,0.24503,0.16383,0.16586,1.2757,175.42,20.77,0.74,9.3,96.35,164.29,50.9746,1,2006,2005,2006,21
2606,裕民         ,200612,38138,31.76,0.0236324666582251,1.3345,2.8847,0.17506,0.23679,0.39481,0.51179,0.35264,382.46,376.2,0.0,26.97,-35.21,-19.63,110.296,1,2006,2005,2006,21
6116,彩晶         ,200612,37405,6.4,0.607432610401855,0.72727,0.59369,-0.049966,-0.090472,-0.074016,-0.074563,0.81067,87.68,59.85,10.57,5.93,30.57,49.99,92.8125,1,2006,2005,2006,21
3189,景碩         ,200612,37344,71.98,0.11080932128715,1.8334,2.35,0.22181,0.25668,0.33131,0.32902,0.15721,449.79,405.84,10.53,6.82,116.46,111.43,21.2003,1,2006,2005,2006,21
1736,喬山         ,200612,37069,180.46,0.407459507878399,5.5612,2.4724,0.17724,0.33108,0.16558,0.15075,0.86805,187.05,109.23,3.01,5.41,26.62,37.13,-59.5589,-1,2006,2005,2006,21
2384,勝華         ,200612,32424,29.22,0.124025916648043,1.2371,0.90858,0.05007,0.093901,0.081249,0.069014,0.8754,144.46,83.08,3.76,4.9,-56.11,-58.62,48.8706,1,2006,2005,2006,21
2393,億光         ,200612,29671,72.6,0.856896327782193,2.7837,2.8337,0.1471,0.22613,0.229,0.23075,0.53723,314.02,280.09,7.92,3.94,13.24,28.54,39.876,1,2006,2005,2006,21
2332,友訊         ,200612,28326,36.34,0.283267898492137,1.6436,0.57866,0.083258,0.14209,0.091767,0.060496,0.7066,212.14,137.44,3.95,5.54,50.11,50.17,41.9097,1,2006,2005,2006,21
5371,中光電       ,200612,28229,29.73,0.685279684412687,1.1993,0.26712,0.089769,0.18966,0.065446,0.045316,1.1127,153.32,105.5,8.47,5.68,32.59,25.54,13.2862,1,2006,2005,2006,21
2006,東鋼         ,200612,26379,24.9,0.899982796432861,1.2105,0.5811,0.12298,0.20625,0.13156,0.099804,0.67707,142.57,71.74,6.03,8.02,27.51,40.69,79.1968,1,2006,2005,2006,21
9917,中保         ,200612,26182,46.35,0.75442458148825,2.2654,2.2359,0.13589,0.18824,0.21784,0.19013,0.38525,195.44,186.17,54.16,11.43,4.42,20.95,-9.7519,-1,2006,2005,2006,21
2377,微星         ,200612,22806,19.63,0.497577011022161,0.81554,0.21407,0.028914,0.058832,0.0086688,0.015445,1.0347,158.75,96.51,6.16,6.86,-15.05,6.06,15.5374,1,2006,2005,2006,21
2903,遠百         ,200612,22419,16.5,0.755145904700522,0.82831,0.21762,0.0071499,0.021844,0.034792,0.0073805,2.0551,47.65,38.13,29.1,59.8,13.77,-4.84,99.3939,1,2006,2005,2006,21
3260,威剛         ,200612,21583,123.65,0.457308720551409,3.3555,0.38609,0.11011,0.30497,0.041048,0.035289,1.7697,139.32,61.02,10.94,19.23,15.23,25.11,-52.2038,-1,2006,2005,2006,21
2607,榮運         ,200612,20595,17.43,0.854925938969955,0.94883,2.7933,0.049827,0.065086,0.12628,0.19198,0.30623,192.65,184.62,0.0,8.92,-12.77,-3.92,-17.6133,-1,2006,2005,2006,21
2605,新興         ,200612,20555,27.15,0.0348657000479308,1.2369,2.6722,0.1169,0.24044,0.52717,0.55903,1.0567,135.42,90.6,0.0,16.95,-2.82,16.68,38.6372,1,2006,2005,2006,21
2023,燁輝         ,200612,19833,12.04,0.0363820304478321,0.65649,0.33296,0.042396,0.079233,0.060167,0.040271,0.86887,135.96,51.62,5.53,12.13,77.22,33.67,-13.206,-1,2006,2005,2006,21
3376,新日興       ,200612,19715,124.3,0.74614794273772,3.15,2.7277,0.18164,0.27073,0.3065,0.23442,0.49047,252.69,238.15,15.35,2.96,60.45,66.52,13.5237,1,2006,2005,2006,21
6176,瑞儀         ,200612,19125,36.33,0.154828770751106,1.1519,0.54763,0.075145,0.1442,0.090682,0.070293,0.91892,196.93,170.34,10.75,2.5,-24.89,-28.25,-12.1663,-1,2006,2005,2006,21
2312,金寶         ,200612,18068,11.18,0.166890722666246,0.71029,0.33224,0.029347,0.039215,0.035196,0.018495,0.33626,103.06,66.73,9.28,6.04,-32.99,-17.19,-10.7335,-1,2006,2005,2006,21
9933,中鼎         ,200612,17940,22.04,0.188092073195248,1.4922,0.39154,0.030007,0.10752,0.028161,0.029689,2.5833,127.81,49.59,3.63,22.87,28.44,27.19,-17.196,-1,2006,2005,2006,21
2362,藍天         ,200612,17779,26.35,0.769596929272335,2.376,1.4566,0.010797,0.034395,-0.050225,0.021117,2.1857,65.72,38.72,6.71,11.16,-17.23,145.41,48.5389,1,2006,2005,2006,21
5483,中美晶       ,200612,17267,59.38,0.82407821336638,2.1928,2.4109,0.12892,0.17927,0.23009,0.19714,0.3906,155.53,94.74,4.12,6.72,432.12,287.28,200.7747,1,2006,2005,2006,21
2350,環電         ,200612,16405,13.83,0.262964033730157,0.91589,0.2335,0.044337,0.10146,0.034399,0.025877,1.2885,139.2,95.55,7.9,4.96,84.05,101.87,18.6551,1,2006,2005,2006,21
6191,精成科       ,200612,15871,35.99,0.233653145442385,1.1303,0.17397,0.069813,0.16057,0.039305,0.02729,1.2999,160.99,123.75,18.38,6.94,20.31,21.23,-12.8925,-1,2006,2005,2006,21
2340,光磊         ,200612,15526,27.99,0.384566894511524,4.1405,2.7658,-0.098444,-0.20322,0.1948,-0.13625,1.0643,129.95,83.04,3.2,4.79,697.43,11.91,6.5023,-1,2006,2005,2006,21
2103,台橡         ,200612,15402,17.41,0.991703720961955,1.0895,0.50906,0.12052,0.17364,0.13295,0.091764,0.44084,221.18,158.69,10.61,10.24,17.24,25.69,94.0839,1,2006,2005,2006,21
6182,合晶         ,200612,15235,57.42,0.75522040167783,3.0047,2.5217,0.11659,0.17538,0.21592,0.17451,0.50431,275.28,199.72,3.59,6.02,161.56,195.74,172.884,1,2006,2005,2006,21
9921,巨大         ,200612,14989,36.24,0.528559088552665,1.628,0.37636,0.059484,0.15745,0.055381,0.037538,1.647,141.01,77.14,3.75,5.17,-9.9,-16.66,41.7494,1,2006,2005,2006,21
3010,華立         ,200612,13942,48.23,0.207730621996059,1.6683,0.52231,0.11196,0.21789,0.068979,0.070672,0.9462,156.87,109.55,6.45,3.61,-34.29,-23.12,2.8198,-1,2006,2005,2006,21
6285,啟碁         ,200612,13623,46.36,0.325806262734222,1.4251,0.39811,0.094441,0.22478,0.070897,0.062784,1.3801,143.75,117.2,9.41,4.63,102.8,97.9,-12.3167,-1,2006,2005,2006,21
6202,盛群         ,200612,13428,48.49,0.748508957393292,2.8625,2.5793,0.23887,0.29385,0.26486,0.26525,0.23018,477.49,376.92,3.59,7.37,16.52,15.31,-17.4675,-1,2006,2005,2006,21
1313,聯成         ,200612,13070,13.25,0.552572178025958,0.79104,0.40507,0.068735,0.13404,0.056624,0.072717,0.95012,224.98,135.54,5.85,7.41,181.82,165.27,15.1698,1,2006,2005,2006,21
3702,大聯大       ,200612,12037,11.83,0.82239400675902,0.64259,0.065229,0.037102,0.11438,0.023779,0.011933,2.0828,177.4,105.88,8.27,6.35,1254.86,491.04,136.4328,1,2006,2005,2006,21
20072330,台積電       ,200712,1638480,51.68,0.744867856241673,2.7157,4.0983,0.19125,0.2225,0.34628,0.3384,0.1634,512.92,446.56,7.96,8.72,-12.21,-13.57,-23.065,1,2007,2006,2007,15
2412,中華電       ,200712,637014,50.44,0.225067882127913,1.2204,2.4426,0.10274,0.12128,0.30586,0.24444,0.18043,202.52,188.53,32.88,16.39,5.58,8.61,7.3156,1,2007,2006,2007,15
1326,台化         ,200712,458552,66.97,0.0513137568167955,1.4213,1.4222,0.11328,0.17805,0.097078,0.18332,0.57174,198.68,139.84,6.37,13.95,32.0,46.4,-46.379,1,2007,2006,2007,15
3045,台灣大       ,200712,217540,44.02,0.0470777095488339,3.3629,1.6202,0.067459,0.20407,0.32227,0.10005,2.0251,30.68,28.58,306.12,9.87,10.18,-58.24,-5.9746,1,2007,2006,2007,15
2325,矽品         ,200712,179180,46.16,0.397839124102705,2.0344,2.1184,0.2039,0.25381,0.24471,0.26428,0.24475,292.72,248.54,14.84,6.43,32.28,31.21,-45.9272,1,2007,2006,2007,15
1402,遠東新       ,200712,170477,33.8,0.229602531968198,1.6472,0.93577,0.041652,0.079529,0.096239,0.070248,0.90938,119.7,79.82,6.77,7.73,4.25,15.17,-40.4734,1,2007,2006,2007,15
4904,遠傳         ,200712,165354,39.75,0.936120177502068,2.0208,2.5031,0.12036,0.14449,0.23506,0.18145,0.20053,137.71,121.87,40.83,10.13,-9.2,-12.25,-18.0377,1,2007,2006,2007,15
8046,南電         ,200712,136873,179.04,0.610307030069875,2.8446,2.7268,0.17012,0.22162,0.22913,0.21244,0.30274,325.53,281.13,9.15,4.39,-17.32,-16.66,-65.7842,-1,2007,2006,2007,15
1102,亞泥         ,200712,129624,38.71,0.80107575696612,1.4635,2.9663,0.078807,0.13238,0.1051,0.28305,0.67978,161.3,114.41,7.1,5.95,10.61,40.57,-32.2397,1,2007,2006,2007,15
2301,光寶科       ,200712,123400,44.94,0.232981533413648,1.5708,0.36945,0.043768,0.10829,0.039647,0.032421,1.4742,130.05,92.45,8.38,5.45,2.36,15.1,-57.0761,-1,2007,2006,2007,15
2474,可成         ,200712,102360,146.37,0.573463588604866,3.0666,4.3823,0.19701,0.27752,0.41118,0.39789,0.40869,200.99,177.59,5.28,2.65,8.44,11.53,-66.5847,-1,2007,2006,2007,15
1722,台肥         ,200712,78008,74.7,0.290462491547268,1.4044,6.2043,0.058463,0.072309,0.024146,0.31931,0.23684,1107.12,932.53,5.0,10.65,2.27,3.63,-32.4096,1,2007,2006,2007,15
6244,茂迪         ,200712,61328,191.05,0.399075226726792,2.9361,2.5125,0.13822,0.18165,0.1544,0.1558,0.31415,531.5,352.61,5.97,14.21,10.68,8.14,-67.6158,-1,2007,2006,2007,15
3037,欣興         ,200712,60254,49.84,0.800522765803851,1.8569,1.1142,0.096611,0.17724,0.15337,0.12187,0.83458,107.36,84.22,9.56,4.65,29.31,33.06,-73.9165,-1,2007,2006,2007,15
5522,遠雄         ,200712,55630,66.61,0.354506244400439,2.8035,2.7299,0.12192,0.26797,0.2668,0.26117,1.1979,169.84,12.46,0.44,10.95,31.7,27.3,-68.6233,-1,2007,2006,2007,15
2618,長榮航       ,200712,52312,22.43,0.757884150620785,1.9675,0.87892,-0.01182,-0.039779,-0.011528,-0.018933,2.3653,97.64,60.62,3139.44,9.51,33.76,-21.61,-44.4494,1,2007,2006,2007,15
2384,勝華         ,200712,51100,43.5,0.389128763569227,1.7484,1.5812,0.010203,0.020684,0.031583,0.018733,1.0272,113.1,67.42,3.78,5.4,-63.55,-73.33,-85.2414,-1,2007,2006,2007,15
2315,神達         ,200712,46390,28.04,0.849722054218674,1.1836,0.44557,0.083777,0.16631,0.054368,0.062605,0.98516,136.34,98.1,6.74,5.56,-13.2,2.62,-58.7019,-1,2007,2006,2007,15
2207,和泰         ,200712,46097,74.09,0.276345316298223,2.1036,0.42113,0.048245,0.1553,0.04378,0.035433,2.219,114.93,99.32,20.42,3.26,2.82,-2.84,-37.36,1,2007,2006,2007,15
2337,旺宏         ,200712,45750,11.64,0.588361684613539,0.98644,1.4024,0.10298,0.12782,0.15087,0.18354,0.24118,405.73,311.17,3.62,8.03,104.05,131.4,-36.6838,1,2007,2006,2007,15
1605,華新         ,200712,43473,13.02,0.0901660021689635,0.65724,0.25524,0.013723,0.025009,0.015727,0.0099614,0.82248,144.68,85.99,8.7,14.11,-62.41,-82.11,-51.1521,-1,2007,2006,2007,15
2328,廣宇         ,200712,31346,63.14,0.337812043871024,1.5888,1.8371,0.042285,0.057935,0.073226,0.070563,0.3701,173.05,156.17,16.79,3.25,55.65,52.06,-65.1568,-1,2007,2006,2007,15
3195,統寶         ,200712,30837,15.04,0.159047554722395,2.5842,1.7052,-0.10491,-0.22487,-0.13888,-0.14839,1.1434,87.85,62.46,9.24,6.16,-19.05,5.67,-72.6064,-1,2007,2006,2007,15
5371,中光電       ,200712,30278,33.68,0.70223663266789,1.3069,0.29671,0.07569,0.17447,0.053069,0.04321,1.305,146.89,118.29,10.47,4.34,-13.95,0.22,-55.196,-1,2007,2006,2007,15
2605,新興         ,200712,26553,37.64,0.887636865889604,1.601,3.4917,0.1482,0.26773,0.53164,0.63434,0.80657,101.5,98.38,0.0,21.39,7.06,-4.62,-31.1371,1,2007,2006,2007,15
3019,亞光         ,200712,23011,80.5,0.618091239046974,1.3227,0.60241,0.094986,0.13531,0.070628,0.06455,0.42451,202.93,162.8,13.04,8.68,4.25,-1.22,-53.3168,-1,2007,2006,2007,15
9917,中保         ,200712,22404,41.83,0.746105469418888,1.9694,1.7517,0.12553,0.18842,0.20116,0.17822,0.5009,139.29,111.05,13.31,11.57,6.69,11.52,0.83672,1,2007,2006,2007,15
2101,南港         ,200712,20783,30.31,0.0590305556644841,1.6157,1.699,0.12704,0.20541,0.14052,0.21595,0.61695,119.3,52.47,4.51,9.01,4.69,50.07,-54.4705,-1,2007,2006,2007,15
9921,巨大         ,200712,20341,51.37,0.330202242514021,1.8789,0.43501,0.085249,0.23042,0.069595,0.054788,1.7029,142.9,86.97,4.33,5.2,54.11,80.23,9.7722,1,2007,2006,2007,15
3062,建漢         ,200712,20053,59.25,0.113948641995189,3.9057,1.6061,0.1045,0.1516,0.062797,0.062332,0.45077,263.83,236.87,35.14,6.01,4.27,89.02,-62.8692,-1,2007,2006,2007,15
2449,京元電       ,200712,19192,14.23,0.275431379860917,0.76547,1.1712,0.0488,0.087565,0.15131,0.13813,0.79437,124.73,111.87,86.48,3.7,-24.32,-30.71,-49.9649,1,2007,2006,2007,15
3311,閎暉         ,200712,19142,96.56,0.281820237560867,3.5074,1.6344,0.147,0.30524,0.18183,0.14483,1.0764,185.79,169.25,13.74,4.52,31.46,23.37,-63.4942,-1,2007,2006,2007,15
3452,益通         ,200712,18924,150.21,0.444330358699235,2.9815,1.5251,0.062976,0.17379,0.10034,0.12831,1.7597,98.35,54.21,6.07,8.55,-20.09,4.9,-54.537,-1,2007,2006,2007,15
3515,華擎         ,200712,18918,137.02,0.755914120907961,1.9936,1.4871,0.20147,0.23801,0.22134,0.17754,0.18137,761.73,487.89,2.2,13.18,-12.4,-5.96,-67.8587,-1,2007,2006,2007,15
2349,錸德         ,200712,18839,7.57,0.603296375815349,0.44425,0.68137,0.00036549,0.00060922,0.004764,0.0010151,0.66688,127.93,74.2,3.08,5.81,103.69,99.24,-43.7252,1,2007,2006,2007,15
2446,全懋         ,200712,18831,25.36,0.783265937404036,1.5231,1.3835,0.060006,0.10933,0.14026,0.099315,0.82197,200.2,134.32,6.21,5.12,-44.53,-52.87,-68.4148,-1,2007,2006,2007,15
2441,超豐         ,200712,18826,30.81,0.113930638678426,1.5177,1.6467,0.21823,0.24956,0.29112,0.27082,0.14359,491.95,442.16,11.08,4.4,8.61,12.54,-44.1415,1,2007,2006,2007,15
1503,士電         ,200712,18754,33.09,0.978563885159978,1.3933,1.007,0.041077,0.082377,0.06712,0.060494,1.0054,126.09,63.45,3.05,4.52,4.68,20.12,-8.0689,1,2007,2006,2007,15
5608,四維航       ,200712,18365,39.24,0.0506464976705434,1.9571,3.8929,0.12844,0.26994,0.46832,0.53688,1.1017,113.94,87.75,0.0,453.79,33.63,29.07,-28.16,1,2007,2006,2007,15
2504,國產         ,200712,17576,12.59,0.579884973281289,0.85588,0.79133,0.040671,0.064607,0.04933,0.06103,0.58852,138.82,107.06,10.35,3.31,-26.57,7.93,-31.8507,1,2007,2006,2007,15
2707,晶華         ,200712,17520,205.49,0.599879095832857,4.3786,2.8285,0.20591,0.28425,0.23988,0.19801,0.38042,120.24,110.72,90.32,33.02,4.28,8.38,25.6703,1,2007,2006,2007,15
9940,信義         ,200712,17067,42.89,0.0354234606827885,2.5141,1.7006,0.14188,0.27305,0.21281,0.18868,0.92447,106.53,98.42,0.0,9.4,-12.55,-7.63,-56.2835,-1,2007,2006,2007,15
2023,燁輝         ,200712,16537,10.45,0.108046036615559,0.56917,0.25714,0.032944,0.062824,0.044633,0.028439,0.90701,145.86,72.65,6.47,11.37,-14.14,-16.21,-16.9378,1,2007,2006,2007,15
2607,榮運         ,200712,16167,14.36,0.700850072786061,0.78728,2.3087,0.037153,0.046014,0.13598,0.1355,0.23851,203.9,189.94,0.0,8.71,7.22,-29.94,22.9805,1,2007,2006,2007,15
2542,興富發       ,200712,16148,20.04,0.872235503921598,1.3141,0.87168,0.075921,0.26621,0.16431,0.17656,2.5064,144.64,15.9,0.5,8.94,8.76,15.44,-43.014,1,2007,2006,2007,15
6176,瑞儀         ,200712,16126,31.91,0.052192152428901,0.95596,0.38929,0.069674,0.14751,0.077416,0.061335,1.1171,175.03,159.17,14.01,2.56,10.34,11.47,-44.6882,1,2007,2006,2007,15
2227,裕日車       ,200712,15540,49.43,0.790045356979438,1.0393,0.54319,0.081833,0.10311,0.021326,0.053896,0.26004,174.23,161.82,333.44,26.48,-44.51,-19.1,-54.6834,-1,2007,2006,2007,15
1313,聯成         ,200712,14649,15.26,0.751694590854687,0.83388,0.37111,0.074401,0.13369,0.043375,0.060431,0.7969,352.53,230.64,6.4,8.39,3.11,7.9,-39.8427,1,2007,2006,2007,15
2206,三陽         ,200712,14416,16.34,0.0171725409107173,0.8842,0.37572,0.024855,0.056074,0.017521,0.027723,1.256,143.76,81.49,4.65,21.94,-24.02,7.8,-62.3011,-1,2007,2006,2007,15
3031,佰鴻         ,200712,13759,64.86,0.17991487850424,3.6194,3.058,0.13966,0.18511,0.18587,0.15638,0.32547,286.86,209.55,6.88,3.07,56.79,73.03,-72.9571,-1,2007,2006,2007,15
2492,華新科       ,200712,13700,19.88,0.92629426819795,0.72502,0.59682,0.039976,0.07117,0.099608,0.064289,0.78033,140.86,82.39,3.58,3.4,1.9,-18.76,-67.5553,-1,2007,2006,2007,15
2059,川湖         ,200712,13536,150.67,0.651269264764942,5.1266,5.6011,0.175,0.28947,0.36331,0.31628,0.65408,497.78,435.08,4.1,4.19,7.59,12.67,-47.8463,1,2007,2006,2007,15
2534,宏盛         ,200712,13431,17.14,0.864622012533553,0.83325,1.1044,0.15687,0.24226,0.28227,0.32099,0.54429,302.54,3.6,0.51,125.71,7.4,33.55,-60.2684,-1,2007,2006,2007,15
20082330,台積電       ,200812,1137769,39.76,0.0559525294070209,2.1388,3.0585,0.1788,0.20803,0.31347,0.29996,0.16351,444.7,404.96,9.88,10.94,-6.52,-8.56,54.3008,-1,2008,2007,2008,5
2357,華碩         ,200812,156254,157.83,0.796179066498458,4.0058,1.0089,0.045931,0.08745,0.031081,0.024775,0.90394,169.16,102.77,5.89,6.07,-27.99,-37.78,74.8844,-1,2008,2007,2008,5
2308,台達電       ,200812,138750,57.26,0.691191332858144,2.1446,0.87714,0.087199,0.14122,0.078047,0.071863,0.61951,219.94,190.07,12.17,5.26,-29.17,-28.49,68.2676,-1,2008,2007,2008,5
2382,廣達         ,200812,126273,30.61,0.345307862215166,1.2781,0.13434,0.0666,0.21827,0.022555,0.024696,2.2773,129.66,100.28,12.28,7.09,-6.5,7.7,114.1784,1,2008,2007,2008,5
1402,遠東新       ,200812,95969,20.12,0.207031948073074,1.0876,0.54115,0.017066,0.0348,0.069155,0.0272,1.0391,102.45,72.86,7.26,7.15,-24.54,-40.47,98.8072,-1,2008,2007,2008,5
1101,台泥         ,200812,88724,24.4,0.775027813981967,1.1152,1.0235,0.030831,0.063838,0.062754,0.073414,1.0706,111.71,84.44,10.17,8.72,-61.8,-41.97,30.6557,-1,2008,2007,2008,5
3009,D 奇美電     ,200812,78909,10.8,0.295534196164876,0.4186,0.29581,-0.010165,-0.029536,-0.014742,-0.018979,1.9058,109.27,86.94,10.18,8.18,-110.6,-118.05,108.3333,1,2008,2007,2008,5
3481,奇美電       ,200812,75749,23.43,0.151845722314485,0.75654,0.45407,0.030474,0.050308,0.035595,0.030195,0.65088,199.5,160.01,8.78,7.01,-66.52,-69.97,102.5181,-1,2008,2007,2008,5
2912,統一超       ,200812,71748,65.08,0.847910522313782,3.6216,0.40823,0.05523,0.18736,0.03913,0.024124,2.3924,93.62,62.25,12.5,63.98,13.02,-5.25,12.984,-1,2008,2007,2008,5
2324,仁寶         ,200812,66996,15.1,0.270831502151317,0.74384,0.12096,0.064678,0.14694,0.036481,0.0264,1.2718,158.55,123.38,14.14,6.18,-13.23,-14.84,170.7947,1,2008,2007,2008,5
2354,鴻準         ,200812,65457,67.14,0.227810704816134,1.5339,0.35601,0.068876,0.16714,0.051757,0.038792,1.4267,145.83,119.32,17.49,5.04,-21.09,-31.42,84.6887,-1,2008,2007,2008,5
3532,台勝科       ,200812,48019,61.09,0.829561804399168,2.294,5.6775,0.082025,0.095193,0.31064,0.23555,0.16053,120.17,23.59,3.1,10.12,-1.66,-55.32,41.267,-1,2008,2007,2008,5
9904,寶成         ,200812,40141,12.61,0.796257943281577,0.77173,0.1615,0.0223,0.047963,0.072396,0.024327,1.1508,141.33,89.02,6.12,7.2,0.4,-5.34,86.0428,-1,2008,2007,2008,5
1434,福懋         ,200812,28639,15.37,0.131830665475512,0.59298,0.61016,0.041243,0.064953,0.036271,0.07096,0.5749,154.16,81.54,4.81,8.0,-32.16,-57.09,63.11,-1,2008,2007,2008,5
2371,大同         ,200812,27706,6.09,0.190902853244491,0.69362,0.13781,-0.024115,-0.066579,-0.07768,-0.03661,1.7609,85.49,55.65,6.56,5.26,-211.06,-271.49,28.7356,-1,2008,2007,2008,5
2207,和泰         ,200812,27582,46.41,0.145732099496291,1.3166,0.31114,0.036394,0.11541,0.043483,0.030871,2.171,108.19,88.8,14.4,2.74,-15.79,-25.52,57.7246,-1,2008,2007,2008,5
3008,大立光       ,200812,26482,191.47,0.822326222185306,2.0885,3.3317,0.23771,0.27176,0.41955,0.43355,0.14326,496.64,444.99,5.58,4.57,7.57,26.17,116.2898,1,2008,2007,2008,5
9921,巨大         ,200812,21570,56.39,0.975957517879964,1.7964,0.4023,0.094784,0.25602,0.076961,0.059241,1.7011,133.23,72.35,4.3,5.16,38.62,39.14,50.7891,-1,2008,2007,2008,5
1605,華新         ,200812,20392,6.36,0.97301362389282,0.38038,0.1269,-0.051348,-0.093346,-0.0070494,-0.031833,0.8179,107.09,61.83,8.85,14.35,-142.82,-435.15,87.8931,-1,2008,2007,2008,5
2015,豐興         ,200812,18624,29.31,0.91576570404079,1.3274,0.45141,0.090489,0.15418,0.05745,0.05243,0.70384,104.35,34.31,6.45,34.44,-30.66,-23.68,76.5609,-1,2008,2007,2008,5
3034,聯詠         ,200812,18211,27.75,0.897479892399884,0.88517,0.62067,0.13743,0.19241,0.136,0.13491,0.40007,256.25,221.17,8.21,2.9,-53.05,-53.43,264.2523,1,2008,2007,2008,5
2385,群光         ,200812,17629,26.57,0.583132968088648,1.5987,0.27392,0.10285,0.33459,0.065001,0.059926,2.2532,108.28,72.89,6.91,5.19,-6.26,7.09,165.6756,1,2008,2007,2008,5
2605,新興         ,200812,17049,25.92,0.029332342754362,1.1597,2.2364,0.11049,0.20705,0.58869,0.4391,0.87398,173.16,167.33,0.0,16.71,39.83,-5.57,51.3503,-1,2008,2007,2008,5
5522,遠雄         ,200812,16917,20.9,0.527882687738647,0.7869,0.82251,0.08523,0.22437,0.28767,0.23474,1.6326,158.2,7.36,0.33,20.53,14.05,-4.93,208.7081,1,2008,2007,2008,5
2103,台橡         ,200812,15922,21.36,0.84671095888053,1.1628,0.44789,0.12218,0.19989,0.11183,0.089319,0.63594,203.3,154.36,13.03,7.42,-19.53,-24.33,73.1742,-1,2008,2007,2008,5
2392,正崴         ,200812,15748,32.16,0.0477872923850662,0.78115,0.2913,0.047861,0.10203,0.046345,0.039244,1.1317,110.51,76.86,7.55,4.69,-18.83,-23.49,120.8022,1,2008,2007,2008,5
3044,健鼎         ,200812,14875,29.99,0.681478514196212,0.8878,0.45744,0.080521,0.17962,0.09528,0.092677,1.2307,146.44,122.67,8.42,3.84,-28.23,-30.06,252.2841,1,2008,2007,2008,5
3037,欣興         ,200812,14861,13.0,0.598628526633235,0.49923,0.3085,0.037682,0.074848,0.069607,0.053123,0.98633,125.82,101.7,10.9,4.66,-56.16,-60.44,248.0769,1,2008,2007,2008,5
2379,瑞昱         ,200812,14831,30.58,0.114030034515656,0.94092,0.85276,0.048219,0.057728,-0.058969,0.052429,0.1972,394.55,318.35,5.77,8.73,-134.91,-53.99,209.0255,1,2008,2007,2008,5
1704,榮化         ,200812,14504,18.11,0.796245350725845,0.795,0.2524,0.051252,0.11457,0.018319,0.038452,1.2355,140.33,103.4,11.16,16.21,-60.63,-1.5,99.0613,-1,2008,2007,2008,5
3227,原相         ,200812,14219,106.68,0.0923984579238296,2.6032,2.7221,0.21285,0.26502,0.27141,0.28298,0.24511,459.86,431.73,6.04,13.18,-17.72,-15.94,145.6974,1,2008,2007,2008,5
3189,景碩         ,200812,13736,28.82,0.237868792007306,0.72032,1.0522,0.1098,0.1232,0.1962,0.17997,0.12203,527.7,484.91,10.38,6.07,-36.28,-43.16,186.9535,1,2008,2007,2008,5
5203,訊連         ,200812,13096,108.85,0.733742133263281,2.5642,2.6153,0.16935,0.23066,0.25245,0.2353,0.362,264.29,259.05,2.98,12.32,4.03,2.67,25.8613,-1,2008,2007,2008,5
5347,世界         ,200812,12631,7.03,0.326388135088882,0.58195,0.73153,0.044962,0.051429,0.063572,0.064636,0.14382,328.97,241.46,8.16,8.07,-79.6,-75.89,122.3329,1,2008,2007,2008,5
2352,佳世達       ,200812,12533,6.5,0.661776196778501,0.55319,0.073838,-0.024379,-0.10389,-0.018297,-0.018582,3.2613,94.54,62.83,7.22,8.38,18.8,-159.13,208.4615,1,2008,2007,2008,5
2208,台船         ,200812,12323,15.95,0.019764663728817,1.0284,0.29802,0.024326,0.08187,0.14498,0.023731,2.3655,159.75,17.95,2.38,84.83,14.15,-54.05,72.2884,-1,2008,2007,2008,5
2501,國建         ,200812,12009,6.95,0.46741002677446,0.62444,2.8024,0.012532,0.019672,0.057076,0.08851,0.56969,197.54,22.43,0.18,6.49,-60.86,-59.2,82.0144,-1,2008,2007,2008,5
2504,國產         ,200812,11890,8.58,0.290185566632867,0.5905,0.50441,0.016184,0.031357,0.029064,0.030821,0.93749,104.62,85.11,11.65,3.5,-34.13,-39.67,67.2494,-1,2008,2007,2008,5
4906,正文         ,200812,11879,38.69,0.754536639716295,1.2341,0.42284,0.080373,0.15262,0.066015,0.052778,0.89891,171.41,139.93,12.13,5.5,30.97,5.79,40.2946,-1,2008,2007,2008,5
8008,建興電       ,200812,11538,12.07,0.427792595548456,0.54029,0.18529,0.036574,0.06785,0.016568,0.023586,0.85514,137.95,104.59,7.77,6.7,-29.42,-26.82,153.7697,1,2008,2007,2008,5
1907,永豐餘       ,200812,11386,6.65,0.753736074133061,0.60127,0.23415,-0.0059441,-0.017845,-0.018435,-0.0077849,2.0022,89.94,55.34,5.97,5.1,34.62,-131.05,97.1429,-1,2008,2007,2008,5
1201,味全         ,200812,11133,21.64,0.406830134654488,2.2355,0.54331,0.038967,0.10569,0.032714,0.026127,1.7124,118.75,65.15,6.04,12.05,8.41,18.64,98.1978,-1,2008,2007,2008,5
1710,東聯         ,200812,11111,12.23,0.938315840253697,0.79005,0.74347,0.075179,0.086074,0.1312,0.086145,0.14491,191.57,152.51,20.73,14.6,-44.95,-58.53,95.2576,-1,2008,2007,2008,5
3367,英華達       ,200812,11084,17.91,0.255427454937803,0.68463,0.13214,0.086148,0.16384,0.027133,0.031618,0.90181,162.65,113.69,11.55,7.37,-48.51,-32.47,82.5237,-1,2008,2007,2008,5
8069,元太         ,200812,9903,14.15,0.798370257830259,1.5314,0.78918,-0.038205,-0.1167,-0.080414,-0.073112,2.0545,68.16,28.89,4.21,10.69,-166.32,-201.36,495.053,1,2008,2007,2008,5
3019,亞光         ,200812,9891,37.58,0.501701052364218,0.63149,0.29762,0.042488,0.062826,0.02981,0.031912,0.47866,192.34,148.31,11.91,7.54,-59.63,-51.63,89.4625,-1,2008,2007,2008,5
1440,南紡         ,200812,9707,6.21,0.233373768071567,0.44484,0.58255,-0.0078478,-0.011309,-0.0024761,-0.014852,0.44098,139.99,62.07,4.45,13.21,-103.48,-114.5,95.9742,-1,2008,2007,2008,5
3452,益通         ,200812,9566,68.29,0.112462378383286,1.0292,0.42144,0.047598,0.10231,0.10016,0.073034,1.1495,195.62,66.97,9.22,11.97,177.63,74.01,19.344,-1,2008,2007,2008,5
3035,智原         ,200812,9360,24.27,0.498227929455356,1.5207,1.6256,0.1018,0.12498,0.095027,0.13385,0.22771,282.59,234.66,7.24,5.69,-60.93,-59.92,174.4953,1,2008,2007,2008,5
2101,南港         ,200812,9344,13.8,0.277611122264388,1.0192,0.93814,-0.03601,-0.067916,0.0051524,-0.062519,0.88605,71.26,25.5,4.22,10.04,-96.21,-129.9,200.7246,1,2008,2007,2008,5
2449,京元電       ,200812,9222,7.12,0.917298803800668,0.40478,0.59532,0.009295,0.01746,0.069215,0.026527,0.87845,220.37,206.27,54.06,3.96,-53.78,-87.3,113.4831,1,2008,2007,2008,5
1229,聯華         ,200812,9129,10.5,0.509839453514736,0.59423,1.3174,0.010092,0.013769,-0.044132,0.032401,0.36432,141.07,92.77,5.65,5.05,-319.84,-93.72,42.8571,-1,2008,2007,2008,5
8076,伍豐         ,200812,9112,58.74,0.974191483802598,3.2926,3.1129,-0.018505,-0.030613,0.15463,-0.031282,0.6543,162.53,109.91,3.23,2.26,-38.69,-105.1,41.6411,-1,2008,2007,2008,5
2327,國巨         ,200812,9086,4.08,0.197278942097314,0.32771,0.39805,0.012527,0.020967,0.061559,0.025501,0.67378,183.64,140.71,5.0,3.93,-50.28,-73.0,186.7647,1,2008,2007,2008,5
9914,美利達       ,200812,8773,32.32,0.396418535561727,1.3563,0.44684,0.10351,0.22383,0.074997,0.076357,1.1623,123.32,63.01,5.76,9.67,8.19,-9.09,51.8255,-1,2008,2007,2008,5
3534,雷凌         ,200812,8459,64.13,0.402088619037046,1.6558,1.7216,0.14642,0.16948,0.17458,0.17622,0.15755,678.45,579.05,4.6,5.46,-30.67,-31.92,73.9436,-1,2008,2007,2008,5
3293,鈊象         ,200812,8327,109.21,0.306496779026379,2.9037,2.6015,0.28756,0.35019,0.36305,0.31929,0.21778,463.7,395.4,2.32,8.05,-22.81,-17.12,127.2136,1,2008,2007,2008,5
8072,陞泰         ,200812,8150,71.92,0.283595417078381,1.7214,1.6511,0.22313,0.24694,0.32326,0.23683,0.10669,857.29,682.15,3.77,10.25,-2.23,-16.16,40.3226,-1,2008,2007,2008,5
3083,網龍         ,200812,8142,93.12,0.5508108749796,4.0735,5.0199,0.28079,0.34124,0.46982,0.42066,0.21528,511.49,508.14,0.0,6.3,29.7,12.57,355.3265,1,2008,2007,2008,5
2548,華固         ,200812,8127,28.52,0.870902191503684,1.0074,0.64774,0.12106,0.38871,0.26163,0.25041,2.211,152.73,7.16,0.36,61.5,22.67,20.8,149.5091,1,2008,2007,2008,5
3005,神基         ,200812,7654,12.97,0.504732317557449,0.65013,0.40118,0.065903,0.11057,0.066412,0.070986,0.67783,133.18,93.51,6.24,4.97,31.07,-3.1,122.128,1,2008,2007,2008,5
9910,豐泰         ,200812,7550,12.96,0.173572161534717,0.85095,0.2336,0.046219,0.081145,0.045744,0.032477,0.75565,138.6,80.57,9.21,11.79,12.15,-19.94,100.7716,-1,2008,2007,2008,5
2376,技嘉         ,200812,7407,10.44,0.519932255056438,0.34823,0.13471,0.041861,0.059913,0.030521,0.02324,0.43125,247.97,152.6,5.31,9.29,9.02,-11.56,178.5441,1,2008,2007,2008,5
2384,勝華         ,200812,7372,6.42,0.989185809639387,0.28047,0.22518,-0.041638,-0.092531,-0.055042,-0.074535,1.2223,110.53,53.46,4.18,6.28,-278.07,-483.03,343.9252,1,2008,2007,2008,5
