train_year,test_year,best_k,avg_return,feature_name,feature_index,importance_score,mean_value,median_value,min_value,max_value
1997,1998,13,24.073053846153847,股價營收比,4,1.0,-3.552713678800501e-17,-0.3442433078377449,-0.6377571370843709,7.472243618980967
1997,1998,13,24.073053846153847,M營業利益成長率,14,1.0,-8.881784197001253e-18,-0.09680788784667385,-0.29324114467300827,13.909831600069966
1997,1998,13,24.073053846153847,市值(百萬元),0,1.0,-7.105427357601002e-17,-0.30000053102791235,-0.45277779425740333,9.522116879272657
1997,1998,13,24.073053846153847,收盤價(元)_年,1,0.9999999999999999,-5.773159728050814e-17,-0.2584064714415685,-0.4734519323753854,9.053267331687042
1997,1998,13,24.073053846153847,營業利益率OPM,7,1.0,-2.220446049250313e-16,-0.133055715317757,-2.289511500244011,6.05822055582646
1997,1998,13,24.073053846153847,M應收帳款週轉次,13,1.0,-6.661338147750939e-17,-0.2689495510634642,-0.48917409132885903,9.270668711190952
1997,1998,13,24.073053846153847,M稅後淨利成長率,15,1.0,2.886579864025407e-17,-0.2591373319232888,-1.5345104097951459,5.4930142062842435
1997,1998,13,24.073053846153847,M存貨週轉率 (次),12,0.9999999999999999,-4.4408920985006264e-17,-0.15256875346579615,-0.29530495276667684,11.605023256742342
1997,1999,3,-40.46843942307692,M存貨週轉率 (次),12,0.9999999999999999,-4.4408920985006264e-17,-0.15256875346579615,-0.29530495276667684,11.605023256742342
1997,1999,3,-40.46843942307692,市值(百萬元),0,1.0,-7.105427357601002e-17,-0.30000053102791235,-0.45277779425740333,9.522116879272657
1997,1999,3,-40.46843942307692,M營業利益成長率,14,1.0,-8.881784197001253e-18,-0.09680788784667385,-0.29324114467300827,13.909831600069966
1997,1999,3,-40.46843942307692,股價營收比,4,1.0,-3.552713678800501e-17,-0.3442433078377449,-0.6377571370843709,7.472243618980967
1997,1999,3,-40.46843942307692,Unknown masked parameter,2,1.0000000000000002,7.993605777301127e-17,-0.025249639996659155,-1.6802508731578325,1.698382116059018
1997,1999,3,-40.46843942307692,負債/淨值比,9,1.0,0.0,-0.1989589688216039,-1.4695238910124493,3.3761031576476923
1997,1999,3,-40.46843942307692,M應收帳款週轉次,13,1.0,-6.661338147750939e-17,-0.2689495510634642,-0.48917409132885903,9.270668711190952
1997,1999,3,-40.46843942307692,M稅後淨利成長率,15,1.0,2.886579864025407e-17,-0.2591373319232888,-1.5345104097951459,5.4930142062842435
1997,2000,5,38.58789920634921,股價淨值比,3,1.0,6.661338147750939e-18,-0.28710343430200835,-0.5214707439298109,7.678410247537281
1997,2000,5,38.58789920634921,市值(百萬元),0,1.0,-7.105427357601002e-17,-0.30000053102791235,-0.45277779425740333,9.522116879272657
1997,2000,5,38.58789920634921,股價營收比,4,1.0,-3.552713678800501e-17,-0.3442433078377449,-0.6377571370843709,7.472243618980967
1997,2000,5,38.58789920634921,M營業利益成長率,14,1.0,-8.881784197001253e-18,-0.09680788784667385,-0.29324114467300827,13.909831600069966
1997,2000,5,38.58789920634921,收盤價(元)_年,1,0.9999999999999999,-5.773159728050814e-17,-0.2584064714415685,-0.4734519323753854,9.053267331687042
1997,2000,5,38.58789920634921,M應收帳款週轉次,13,1.0,-6.661338147750939e-17,-0.2689495510634642,-0.48917409132885903,9.270668711190952
1997,2000,5,38.58789920634921,M存貨週轉率 (次),12,0.9999999999999999,-4.4408920985006264e-17,-0.15256875346579615,-0.29530495276667684,11.605023256742342
1997,2000,5,38.58789920634921,營業利益率OPM,7,1.0,-2.220446049250313e-16,-0.133055715317757,-2.289511500244011,6.05822055582646
1997,2001,9,-7.518622988505748,股價營收比,4,1.0,-3.552713678800501e-17,-0.3442433078377449,-0.6377571370843709,7.472243618980967
1997,2001,9,-7.518622988505748,市值(百萬元),0,1.0,-7.105427357601002e-17,-0.30000053102791235,-0.45277779425740333,9.522116879272657
1997,2001,9,-7.518622988505748,M營業利益成長率,14,1.0,-8.881784197001253e-18,-0.09680788784667385,-0.29324114467300827,13.909831600069966
1997,2001,9,-7.518622988505748,M應收帳款週轉次,13,1.0,-6.661338147750939e-17,-0.2689495510634642,-0.48917409132885903,9.270668711190952
1997,2001,9,-7.518622988505748,M存貨週轉率 (次),12,0.9999999999999999,-4.4408920985006264e-17,-0.15256875346579615,-0.29530495276667684,11.605023256742342
1997,2001,9,-7.518622988505748,營業利益率OPM,7,1.0,-2.220446049250313e-16,-0.133055715317757,-2.289511500244011,6.05822055582646
1997,2001,9,-7.518622988505748,收盤價(元)_年,1,0.9999999999999999,-5.773159728050814e-17,-0.2584064714415685,-0.4734519323753854,9.053267331687042
1997,2001,9,-7.518622988505748,M稅後淨利成長率,15,1.0,2.886579864025407e-17,-0.2591373319232888,-1.5345104097951459,5.4930142062842435
1997,2002,19,28.929185077586204,股價營收比,4,1.0,-3.552713678800501e-17,-0.3442433078377449,-0.6377571370843709,7.472243618980967
1997,2002,19,28.929185077586204,市值(百萬元),0,1.0,-7.105427357601002e-17,-0.30000053102791235,-0.45277779425740333,9.522116879272657
1997,2002,19,28.929185077586204,M營業利益成長率,14,1.0,-8.881784197001253e-18,-0.09680788784667385,-0.29324114467300827,13.909831600069966
1997,2002,19,28.929185077586204,股價淨值比,3,1.0,6.661338147750939e-18,-0.28710343430200835,-0.5214707439298109,7.678410247537281
1997,2002,19,28.929185077586204,M存貨週轉率 (次),12,0.9999999999999999,-4.4408920985006264e-17,-0.15256875346579615,-0.29530495276667684,11.605023256742342
1997,2002,19,28.929185077586204,收盤價(元)_年,1,0.9999999999999999,-5.773159728050814e-17,-0.2584064714415685,-0.4734519323753854,9.053267331687042
1997,2002,19,28.929185077586204,M稅後淨利成長率,15,1.0,2.886579864025407e-17,-0.2591373319232888,-1.5345104097951459,5.4930142062842435
1997,2002,19,28.929185077586204,M應收帳款週轉次,13,1.0,-6.661338147750939e-17,-0.2689495510634642,-0.48917409132885903,9.270668711190952
1997,2003,3,1.6219475342465755,股價營收比,4,1.0,-3.552713678800501e-17,-0.3442433078377449,-0.6377571370843709,7.472243618980967
1997,2003,3,1.6219475342465755,M速動比率,11,0.9999999999999999,-3.441691376337985e-17,-0.329014480665512,-1.1365468997459238,5.4831547711892865
1997,2003,3,1.6219475342465755,M流動比率,10,1.0,-2.842170943040401e-16,-0.2953771841373095,-1.5234786143425745,4.604415064189142
1997,2003,3,1.6219475342465755,M營業利益成長率,14,1.0,-8.881784197001253e-18,-0.09680788784667385,-0.29324114467300827,13.909831600069966
1997,2003,3,1.6219475342465755,M應收帳款週轉次,13,1.0,-6.661338147750939e-17,-0.2689495510634642,-0.48917409132885903,9.270668711190952
1997,2003,3,1.6219475342465755,M存貨週轉率 (次),12,0.9999999999999999,-4.4408920985006264e-17,-0.15256875346579615,-0.29530495276667684,11.605023256742342
1997,2003,3,1.6219475342465755,利潤邊際NPM,8,0.9999999999999999,1.7763568394002505e-17,-0.17145638799593158,-4.03021890117614,5.526949532293827
1997,2003,3,1.6219475342465755,營業利益率OPM,7,1.0,-2.220446049250313e-16,-0.133055715317757,-2.289511500244011,6.05822055582646
1997,2004,13,21.59584443609023,資產報酬率ROA,6,0.9999999999999998,1.0658141036401502e-16,-0.07643160032374176,-5.123717604613727,4.005394448249727
1997,2004,13,21.59584443609023,股價營收比,4,1.0,-3.552713678800501e-17,-0.3442433078377449,-0.6377571370843709,7.472243618980967
1997,2004,13,21.59584443609023,M稅後淨利成長率,15,1.0,2.886579864025407e-17,-0.2591373319232888,-1.5345104097951459,5.4930142062842435
1997,2004,13,21.59584443609023,M淨值報酬率─稅後,5,1.0,1.7763568394002505e-17,-0.14161225765438068,-4.686382366515689,4.881389594839838
1997,2004,13,21.59584443609023,M營業利益成長率,14,1.0,-8.881784197001253e-18,-0.09680788784667385,-0.29324114467300827,13.909831600069966
1997,2004,13,21.59584443609023,M存貨週轉率 (次),12,0.9999999999999999,-4.4408920985006264e-17,-0.15256875346579615,-0.29530495276667684,11.605023256742342
1997,2004,13,21.59584443609023,收盤價(元)_年,1,0.9999999999999999,-5.773159728050814e-17,-0.2584064714415685,-0.4734519323753854,9.053267331687042
1997,2004,13,21.59584443609023,股價淨值比,3,1.0,6.661338147750939e-18,-0.28710343430200835,-0.5214707439298109,7.678410247537281
1997,2005,9,28.70879628358209,股價營收比,4,1.0,-3.552713678800501e-17,-0.3442433078377449,-0.6377571370843709,7.472243618980967
1997,2005,9,28.70879628358209,M速動比率,11,0.9999999999999999,-3.441691376337985e-17,-0.329014480665512,-1.1365468997459238,5.4831547711892865
1997,2005,9,28.70879628358209,M流動比率,10,1.0,-2.842170943040401e-16,-0.2953771841373095,-1.5234786143425745,4.604415064189142
1997,2005,9,28.70879628358209,M應收帳款週轉次,13,1.0,-6.661338147750939e-17,-0.2689495510634642,-0.48917409132885903,9.270668711190952
1997,2005,9,28.70879628358209,M營業利益成長率,14,1.0,-8.881784197001253e-18,-0.09680788784667385,-0.29324114467300827,13.909831600069966
1997,2005,9,28.70879628358209,M存貨週轉率 (次),12,0.9999999999999999,-4.4408920985006264e-17,-0.15256875346579615,-0.29530495276667684,11.605023256742342
1997,2005,9,28.70879628358209,負債/淨值比,9,1.0,0.0,-0.1989589688216039,-1.4695238910124493,3.3761031576476923
1997,2005,9,28.70879628358209,M稅後淨利成長率,15,1.0,2.886579864025407e-17,-0.2591373319232888,-1.5345104097951459,5.4930142062842435
1997,2006,7,11.772086328125,資產報酬率ROA,6,0.9999999999999998,1.0658141036401502e-16,-0.07643160032374176,-5.123717604613727,4.005394448249727
1997,2006,7,11.772086328125,M稅後淨利成長率,15,1.0,2.886579864025407e-17,-0.2591373319232888,-1.5345104097951459,5.4930142062842435
1997,2006,7,11.772086328125,M營業利益成長率,14,1.0,-8.881784197001253e-18,-0.09680788784667385,-0.29324114467300827,13.909831600069966
1997,2006,7,11.772086328125,M存貨週轉率 (次),12,0.9999999999999999,-4.4408920985006264e-17,-0.15256875346579615,-0.29530495276667684,11.605023256742342
1997,2006,7,11.772086328125,股價營收比,4,1.0,-3.552713678800501e-17,-0.3442433078377449,-0.6377571370843709,7.472243618980967
1997,2006,7,11.772086328125,M淨值報酬率─稅後,5,1.0,1.7763568394002505e-17,-0.14161225765438068,-4.686382366515689,4.881389594839838
1997,2006,7,11.772086328125,股價淨值比,3,1.0,6.661338147750939e-18,-0.28710343430200835,-0.5214707439298109,7.678410247537281
1997,2006,7,11.772086328125,利潤邊際NPM,8,0.9999999999999999,1.7763568394002505e-17,-0.17145638799593158,-4.03021890117614,5.526949532293827
1997,2007,17,-49.40532668874172,資產報酬率ROA,6,0.9999999999999998,1.0658141036401502e-16,-0.07643160032374176,-5.123717604613727,4.005394448249727
1997,2007,17,-49.40532668874172,M存貨週轉率 (次),12,0.9999999999999999,-4.4408920985006264e-17,-0.15256875346579615,-0.29530495276667684,11.605023256742342
1997,2007,17,-49.40532668874172,股價營收比,4,1.0,-3.552713678800501e-17,-0.3442433078377449,-0.6377571370843709,7.472243618980967
1997,2007,17,-49.40532668874172,營業利益率OPM,7,1.0,-2.220446049250313e-16,-0.133055715317757,-2.289511500244011,6.05822055582646
1997,2007,17,-49.40532668874172,M淨值報酬率─稅後,5,1.0,1.7763568394002505e-17,-0.14161225765438068,-4.686382366515689,4.881389594839838
1997,2007,17,-49.40532668874172,M營業利益成長率,14,1.0,-8.881784197001253e-18,-0.09680788784667385,-0.29324114467300827,13.909831600069966
1997,2007,17,-49.40532668874172,利潤邊際NPM,8,0.9999999999999999,1.7763568394002505e-17,-0.17145638799593158,-4.03021890117614,5.526949532293827
1997,2007,17,-49.40532668874172,M稅後淨利成長率,15,1.0,2.886579864025407e-17,-0.2591373319232888,-1.5345104097951459,5.4930142062842435
1998,1999,11,-46.68566610169491,利潤邊際NPM,8,0.9999999999999998,1.3322676295501878e-17,0.10397487680812811,-13.556718353904133,0.9390177885153292
1998,1999,11,-46.68566610169491,M應收帳款週轉次,13,1.0,3.552713678800501e-17,-0.25436317060802593,-0.489931205438019,8.775744831208378
1998,1999,11,-46.68566610169491,M營業利益成長率,14,1.0,-4.440892098500626e-18,0.09635243810104913,-12.854590268752204,1.7851583663905135
1998,1999,11,-46.68566610169491,營業利益率OPM,7,1.0,-5.329070518200751e-17,0.08498430220730976,-9.035943852007268,3.225744190750641
1998,1999,11,-46.68566610169491,市值(百萬元),0,1.0,3.552713678800501e-17,-0.31093787518827787,-0.45737258029147343,9.583576267242266
1998,1999,11,-46.68566610169491,M稅後淨利成長率,15,1.0,0.0,0.19831080832407513,-10.884728054363933,0.7821679312398409
1998,1999,11,-46.68566610169491,股價營收比,4,0.9999999999999999,-3.552713678800501e-17,-0.16320880575059463,-0.21995094333013243,12.538937142858744
1998,1999,11,-46.68566610169491,M存貨週轉率 (次),12,1.0,8.43769498715119e-17,-0.19013704120285557,-0.7242924903947364,8.952333834908654
1998,2000,13,60.927510169491526,資產報酬率ROA,6,1.0,-1.3322676295501878e-17,0.07898035780363705,-7.782349047848241,8.137865729237914
1998,2000,13,60.927510169491526,股價淨值比,3,1.0,3.552713678800501e-17,-0.20781703388200906,-1.9768760245081347,9.066572420613157
1998,2000,13,60.927510169491526,M應收帳款週轉次,13,1.0,3.552713678800501e-17,-0.25436317060802593,-0.489931205438019,8.775744831208378
1998,2000,13,60.927510169491526,M稅後淨利成長率,15,1.0,0.0,0.19831080832407513,-10.884728054363933,0.7821679312398409
1998,2000,13,60.927510169491526,營業利益率OPM,7,1.0,-5.329070518200751e-17,0.08498430220730976,-9.035943852007268,3.225744190750641
1998,2000,13,60.927510169491526,利潤邊際NPM,8,0.9999999999999998,1.3322676295501878e-17,0.10397487680812811,-13.556718353904133,0.9390177885153292
1998,2000,13,60.927510169491526,股價營收比,4,0.9999999999999999,-3.552713678800501e-17,-0.16320880575059463,-0.21995094333013243,12.538937142858744
1998,2000,13,60.927510169491526,收盤價(元)_年,1,0.9999999999999999,-5.329070518200751e-17,-0.17196084810495588,-0.32248937706992586,12.584998718018428
1998,2001,13,-9.39654754098361,M速動比率,11,0.9999999999999998,5.329070518200751e-17,-0.30034395276618114,-0.879685348405428,7.970561103528938
1998,2001,13,-9.39654754098361,M存貨週轉率 (次),12,1.0,8.43769498715119e-17,-0.19013704120285557,-0.7242924903947364,8.952333834908654
1998,2001,13,-9.39654754098361,M應收帳款週轉次,13,1.0,3.552713678800501e-17,-0.25436317060802593,-0.489931205438019,8.775744831208378
1998,2001,13,-9.39654754098361,股價淨值比,3,1.0,3.552713678800501e-17,-0.20781703388200906,-1.9768760245081347,9.066572420613157
1998,2001,13,-9.39654754098361,M流動比率,10,1.0,-1.2434497875801754e-16,-0.27977978544706295,-1.1156937031484697,7.218649573697369
1998,2001,13,-9.39654754098361,負債/淨值比,9,0.9999999999999999,1.509903313490213e-16,-0.167573895855,-5.467225141536365,5.264254262718836
1998,2001,13,-9.39654754098361,股價營收比,4,0.9999999999999999,-3.552713678800501e-17,-0.16320880575059463,-0.21995094333013243,12.538937142858744
1998,2001,13,-9.39654754098361,M淨值報酬率─稅後,5,1.0,2.6645352591003756e-17,0.12706666423115923,-10.137215867698158,1.7656130279169098
1998,2002,17,34.5344035,M存貨週轉率 (次),12,1.0,8.43769498715119e-17,-0.19013704120285557,-0.7242924903947364,8.952333834908654
1998,2002,17,34.5344035,股價淨值比,3,1.0,3.552713678800501e-17,-0.20781703388200906,-1.9768760245081347,9.066572420613157
1998,2002,17,34.5344035,M應收帳款週轉次,13,1.0,3.552713678800501e-17,-0.25436317060802593,-0.489931205438019,8.775744831208378
1998,2002,17,34.5344035,股價營收比,4,0.9999999999999999,-3.552713678800501e-17,-0.16320880575059463,-0.21995094333013243,12.538937142858744
1998,2002,17,34.5344035,M稅後淨利成長率,15,1.0,0.0,0.19831080832407513,-10.884728054363933,0.7821679312398409
1998,2002,17,34.5344035,M營業利益成長率,14,1.0,-4.440892098500626e-18,0.09635243810104913,-12.854590268752204,1.7851583663905135
1998,2002,17,34.5344035,收盤價(元)_年,1,0.9999999999999999,-5.329070518200751e-17,-0.17196084810495588,-0.32248937706992586,12.584998718018428
1998,2002,17,34.5344035,營業利益率OPM,7,1.0,-5.329070518200751e-17,0.08498430220730976,-9.035943852007268,3.225744190750641
1998,2003,5,1.0593679999999999,M存貨週轉率 (次),12,1.0,8.43769498715119e-17,-0.19013704120285557,-0.7242924903947364,8.952333834908654
1998,2003,5,1.0593679999999999,M速動比率,11,0.9999999999999998,5.329070518200751e-17,-0.30034395276618114,-0.879685348405428,7.970561103528938
1998,2003,5,1.0593679999999999,M應收帳款週轉次,13,1.0,3.552713678800501e-17,-0.25436317060802593,-0.489931205438019,8.775744831208378
1998,2003,5,1.0593679999999999,股價淨值比,3,1.0,3.552713678800501e-17,-0.20781703388200906,-1.9768760245081347,9.066572420613157
1998,2003,5,1.0593679999999999,負債/淨值比,9,0.9999999999999999,1.509903313490213e-16,-0.167573895855,-5.467225141536365,5.264254262718836
1998,2003,5,1.0593679999999999,收盤價(元)_年,1,0.9999999999999999,-5.329070518200751e-17,-0.17196084810495588,-0.32248937706992586,12.584998718018428
1998,2003,5,1.0593679999999999,M流動比率,10,1.0,-1.2434497875801754e-16,-0.27977978544706295,-1.1156937031484697,7.218649573697369
1998,2003,5,1.0593679999999999,Unknown masked parameter,2,1.0,-1.376676550535194e-16,-0.021498796087570965,-1.6881803581412902,1.8010442074380761
1998,2004,5,20.384761458333333,資產報酬率ROA,6,1.0,-1.3322676295501878e-17,0.07898035780363705,-7.782349047848241,8.137865729237914
1998,2004,5,20.384761458333333,股價淨值比,3,1.0,3.552713678800501e-17,-0.20781703388200906,-1.9768760245081347,9.066572420613157
1998,2004,5,20.384761458333333,市值(百萬元),0,1.0,3.552713678800501e-17,-0.31093787518827787,-0.45737258029147343,9.583576267242266
1998,2004,5,20.384761458333333,股價營收比,4,0.9999999999999999,-3.552713678800501e-17,-0.16320880575059463,-0.21995094333013243,12.538937142858744
1998,2004,5,20.384761458333333,M淨值報酬率─稅後,5,1.0,2.6645352591003756e-17,0.12706666423115923,-10.137215867698158,1.7656130279169098
1998,2004,5,20.384761458333333,M應收帳款週轉次,13,1.0,3.552713678800501e-17,-0.25436317060802593,-0.489931205438019,8.775744831208378
1998,2004,5,20.384761458333333,利潤邊際NPM,8,0.9999999999999998,1.3322676295501878e-17,0.10397487680812811,-13.556718353904133,0.9390177885153292
1998,2004,5,20.384761458333333,收盤價(元)_年,1,0.9999999999999999,-5.329070518200751e-17,-0.17196084810495588,-0.32248937706992586,12.584998718018428
1998,2005,13,24.564520650602415,股價營收比,4,0.9999999999999999,-3.552713678800501e-17,-0.16320880575059463,-0.21995094333013243,12.538937142858744
1998,2005,13,24.564520650602415,M速動比率,11,0.9999999999999998,5.329070518200751e-17,-0.30034395276618114,-0.879685348405428,7.970561103528938
1998,2005,13,24.564520650602415,負債/淨值比,9,0.9999999999999999,1.509903313490213e-16,-0.167573895855,-5.467225141536365,5.264254262718836
1998,2005,13,24.564520650602415,M應收帳款週轉次,13,1.0,3.552713678800501e-17,-0.25436317060802593,-0.489931205438019,8.775744831208378
1998,2005,13,24.564520650602415,M流動比率,10,1.0,-1.2434497875801754e-16,-0.27977978544706295,-1.1156937031484697,7.218649573697369
1998,2005,13,24.564520650602415,股價淨值比,3,1.0,3.552713678800501e-17,-0.20781703388200906,-1.9768760245081347,9.066572420613157
1998,2005,13,24.564520650602415,市值(百萬元),0,1.0,3.552713678800501e-17,-0.31093787518827787,-0.45737258029147343,9.583576267242266
1998,2005,13,24.564520650602415,收盤價(元)_年,1,0.9999999999999999,-5.329070518200751e-17,-0.17196084810495588,-0.32248937706992586,12.584998718018428
1998,2006,11,16.782378313253012,資產報酬率ROA,6,1.0,-1.3322676295501878e-17,0.07898035780363705,-7.782349047848241,8.137865729237914
1998,2006,11,16.782378313253012,市值(百萬元),0,1.0,3.552713678800501e-17,-0.31093787518827787,-0.45737258029147343,9.583576267242266
1998,2006,11,16.782378313253012,股價營收比,4,0.9999999999999999,-3.552713678800501e-17,-0.16320880575059463,-0.21995094333013243,12.538937142858744
1998,2006,11,16.782378313253012,M應收帳款週轉次,13,1.0,3.552713678800501e-17,-0.25436317060802593,-0.489931205438019,8.775744831208378
1998,2006,11,16.782378313253012,M稅後淨利成長率,15,1.0,0.0,0.19831080832407513,-10.884728054363933,0.7821679312398409
1998,2006,11,16.782378313253012,利潤邊際NPM,8,0.9999999999999998,1.3322676295501878e-17,0.10397487680812811,-13.556718353904133,0.9390177885153292
1998,2006,11,16.782378313253012,營業利益率OPM,7,1.0,-5.329070518200751e-17,0.08498430220730976,-9.035943852007268,3.225744190750641
1998,2006,11,16.782378313253012,M存貨週轉率 (次),12,1.0,8.43769498715119e-17,-0.19013704120285557,-0.7242924903947364,8.952333834908654
1998,2007,11,-49.42203467889909,市值(百萬元),0,1.0,3.552713678800501e-17,-0.31093787518827787,-0.45737258029147343,9.583576267242266
1998,2007,11,-49.42203467889909,資產報酬率ROA,6,1.0,-1.3322676295501878e-17,0.07898035780363705,-7.782349047848241,8.137865729237914
1998,2007,11,-49.42203467889909,M應收帳款週轉次,13,1.0,3.552713678800501e-17,-0.25436317060802593,-0.489931205438019,8.775744831208378
1998,2007,11,-49.42203467889909,M淨值報酬率─稅後,5,1.0,2.6645352591003756e-17,0.12706666423115923,-10.137215867698158,1.7656130279169098
1998,2007,11,-49.42203467889909,股價營收比,4,0.9999999999999999,-3.552713678800501e-17,-0.16320880575059463,-0.21995094333013243,12.538937142858744
1998,2007,11,-49.42203467889909,利潤邊際NPM,8,0.9999999999999998,1.3322676295501878e-17,0.10397487680812811,-13.556718353904133,0.9390177885153292
1998,2007,11,-49.42203467889909,營業利益率OPM,7,1.0,-5.329070518200751e-17,0.08498430220730976,-9.035943852007268,3.225744190750641
1998,2007,11,-49.42203467889909,M稅後淨利成長率,15,1.0,0.0,0.19831080832407513,-10.884728054363933,0.7821679312398409
1999,2000,3,36.62441507936508,股價淨值比,3,1.0,2.3869795029440865e-17,-0.24874944192624576,-0.5282286821021394,10.435866164409099
1999,2000,3,36.62441507936508,負債/淨值比,9,1.0,-7.105427357601002e-17,-0.2946675693420375,-1.3661289985977776,4.105578429654558
1999,2000,3,36.62441507936508,股價營收比,4,0.9999999999999999,2.4424906541753444e-17,-0.2641126542155639,-0.44168158092278587,11.31573652989842
1999,2000,3,36.62441507936508,收盤價(元)_年,1,1.0,3.552713678800501e-17,-0.27612241261881776,-0.7104756236202691,6.911832526117525
1999,2000,3,36.62441507936508,M營業利益成長率,14,1.0,-8.881784197001253e-18,-0.17698851644776872,-6.073745550972272,8.925073666090775
1999,2000,3,36.62441507936508,M稅後淨利成長率,15,1.0,-1.7763568394002505e-17,0.03490104127634991,-13.90773687389086,1.0119284540879316
1999,2000,3,36.62441507936508,M流動比率,10,0.9999999999999999,9.325873406851315e-17,-0.2599716284561397,-1.226854202234284,7.782630746989588
1999,2000,3,36.62441507936508,利潤邊際NPM,8,1.0,-5.329070518200751e-17,-0.050644076210058106,-6.0135210289803664,6.305002343057324
1999,2001,5,3.9390014035087724,股價營收比,4,0.9999999999999999,2.4424906541753444e-17,-0.2641126542155639,-0.44168158092278587,11.31573652989842
1999,2001,5,3.9390014035087724,M流動比率,10,0.9999999999999999,9.325873406851315e-17,-0.2599716284561397,-1.226854202234284,7.782630746989588
1999,2001,5,3.9390014035087724,M速動比率,11,1.0,-6.661338147750939e-18,-0.2841331542794358,-0.9207739628743927,8.381980549857989
1999,2001,5,3.9390014035087724,收盤價(元)_年,1,1.0,3.552713678800501e-17,-0.27612241261881776,-0.7104756236202691,6.911832526117525
1999,2001,5,3.9390014035087724,股價淨值比,3,1.0,2.3869795029440865e-17,-0.24874944192624576,-0.5282286821021394,10.435866164409099
1999,2001,5,3.9390014035087724,負債/淨值比,9,1.0,-7.105427357601002e-17,-0.2946675693420375,-1.3661289985977776,4.105578429654558
1999,2001,5,3.9390014035087724,M稅後淨利成長率,15,1.0,-1.7763568394002505e-17,0.03490104127634991,-13.90773687389086,1.0119284540879316
1999,2001,5,3.9390014035087724,M營業利益成長率,14,1.0,-8.881784197001253e-18,-0.17698851644776872,-6.073745550972272,8.925073666090775
1999,2002,3,35.204333,股價淨值比,3,1.0,2.3869795029440865e-17,-0.24874944192624576,-0.5282286821021394,10.435866164409099
1999,2002,3,35.204333,營業利益率OPM,7,1.0,7.105427357601002e-17,-0.09874953537569939,-4.431467039601656,5.12904059246526
1999,2002,3,35.204333,股價營收比,4,0.9999999999999999,2.4424906541753444e-17,-0.2641126542155639,-0.44168158092278587,11.31573652989842
1999,2002,3,35.204333,利潤邊際NPM,8,1.0,-5.329070518200751e-17,-0.050644076210058106,-6.0135210289803664,6.305002343057324
1999,2002,3,35.204333,M稅後淨利成長率,15,1.0,-1.7763568394002505e-17,0.03490104127634991,-13.90773687389086,1.0119284540879316
1999,2002,3,35.204333,市值(百萬元),0,0.9999999999999998,-1.7763568394002505e-17,-0.2732796660052159,-0.3336953538063663,10.596500570250795
1999,2002,3,35.204333,M應收帳款週轉次,13,1.0,-2.2204460492503132e-17,-0.1820843782750562,-0.3233406753776017,12.072760714255535
1999,2002,3,35.204333,收盤價(元)_年,1,1.0,3.552713678800501e-17,-0.27612241261881776,-0.7104756236202691,6.911832526117525
1999,2003,7,7.477223129770992,股價營收比,4,0.9999999999999999,2.4424906541753444e-17,-0.2641126542155639,-0.44168158092278587,11.31573652989842
1999,2003,7,7.477223129770992,營業利益率OPM,7,1.0,7.105427357601002e-17,-0.09874953537569939,-4.431467039601656,5.12904059246526
1999,2003,7,7.477223129770992,M稅後淨利成長率,15,1.0,-1.7763568394002505e-17,0.03490104127634991,-13.90773687389086,1.0119284540879316
1999,2003,7,7.477223129770992,股價淨值比,3,1.0,2.3869795029440865e-17,-0.24874944192624576,-0.5282286821021394,10.435866164409099
1999,2003,7,7.477223129770992,資產報酬率ROA,6,1.0,-3.552713678800501e-17,0.0603634218795463,-7.823560272180674,2.305103899816174
1999,2003,7,7.477223129770992,利潤邊際NPM,8,1.0,-5.329070518200751e-17,-0.050644076210058106,-6.0135210289803664,6.305002343057324
1999,2003,7,7.477223129770992,市值(百萬元),0,0.9999999999999998,-1.7763568394002505e-17,-0.2732796660052159,-0.3336953538063663,10.596500570250795
1999,2003,7,7.477223129770992,收盤價(元)_年,1,1.0,3.552713678800501e-17,-0.27612241261881776,-0.7104756236202691,6.911832526117525
1999,2004,5,13.420782072072072,收盤價(元)_年,1,1.0,3.552713678800501e-17,-0.27612241261881776,-0.7104756236202691,6.911832526117525
1999,2004,5,13.420782072072072,M流動比率,10,0.9999999999999999,9.325873406851315e-17,-0.2599716284561397,-1.226854202234284,7.782630746989588
1999,2004,5,13.420782072072072,M稅後淨利成長率,15,1.0,-1.7763568394002505e-17,0.03490104127634991,-13.90773687389086,1.0119284540879316
1999,2004,5,13.420782072072072,股價淨值比,3,1.0,2.3869795029440865e-17,-0.24874944192624576,-0.5282286821021394,10.435866164409099
1999,2004,5,13.420782072072072,股價營收比,4,0.9999999999999999,2.4424906541753444e-17,-0.2641126542155639,-0.44168158092278587,11.31573652989842
1999,2004,5,13.420782072072072,M應收帳款週轉次,13,1.0,-2.2204460492503132e-17,-0.1820843782750562,-0.3233406753776017,12.072760714255535
1999,2004,5,13.420782072072072,市值(百萬元),0,0.9999999999999998,-1.7763568394002505e-17,-0.2732796660052159,-0.3336953538063663,10.596500570250795
1999,2004,5,13.420782072072072,M速動比率,11,1.0,-6.661338147750939e-18,-0.2841331542794358,-0.9207739628743927,8.381980549857989
1999,2005,13,28.53009110569106,股價營收比,4,0.9999999999999999,2.4424906541753444e-17,-0.2641126542155639,-0.44168158092278587,11.31573652989842
1999,2005,13,28.53009110569106,營業利益率OPM,7,1.0,7.105427357601002e-17,-0.09874953537569939,-4.431467039601656,5.12904059246526
1999,2005,13,28.53009110569106,M稅後淨利成長率,15,1.0,-1.7763568394002505e-17,0.03490104127634991,-13.90773687389086,1.0119284540879316
1999,2005,13,28.53009110569106,市值(百萬元),0,0.9999999999999998,-1.7763568394002505e-17,-0.2732796660052159,-0.3336953538063663,10.596500570250795
1999,2005,13,28.53009110569106,M營業利益成長率,14,1.0,-8.881784197001253e-18,-0.17698851644776872,-6.073745550972272,8.925073666090775
1999,2005,13,28.53009110569106,利潤邊際NPM,8,1.0,-5.329070518200751e-17,-0.050644076210058106,-6.0135210289803664,6.305002343057324
1999,2005,13,28.53009110569106,M速動比率,11,1.0,-6.661338147750939e-18,-0.2841331542794358,-0.9207739628743927,8.381980549857989
1999,2005,13,28.53009110569106,M流動比率,10,0.9999999999999999,9.325873406851315e-17,-0.2599716284561397,-1.226854202234284,7.782630746989588
1999,2006,9,12.574163053435113,市值(百萬元),0,0.9999999999999998,-1.7763568394002505e-17,-0.2732796660052159,-0.3336953538063663,10.596500570250795
1999,2006,9,12.574163053435113,營業利益率OPM,7,1.0,7.105427357601002e-17,-0.09874953537569939,-4.431467039601656,5.12904059246526
1999,2006,9,12.574163053435113,股價營收比,4,0.9999999999999999,2.4424906541753444e-17,-0.2641126542155639,-0.44168158092278587,11.31573652989842
1999,2006,9,12.574163053435113,利潤邊際NPM,8,1.0,-5.329070518200751e-17,-0.050644076210058106,-6.0135210289803664,6.305002343057324
1999,2006,9,12.574163053435113,M流動比率,10,0.9999999999999999,9.325873406851315e-17,-0.2599716284561397,-1.226854202234284,7.782630746989588
1999,2006,9,12.574163053435113,M稅後淨利成長率,15,1.0,-1.7763568394002505e-17,0.03490104127634991,-13.90773687389086,1.0119284540879316
1999,2006,9,12.574163053435113,資產報酬率ROA,6,1.0,-3.552713678800501e-17,0.0603634218795463,-7.823560272180674,2.305103899816174
1999,2006,9,12.574163053435113,M營業利益成長率,14,1.0,-8.881784197001253e-18,-0.17698851644776872,-6.073745550972272,8.925073666090775
1999,2007,19,-48.89203849206349,市值(百萬元),0,0.9999999999999998,-1.7763568394002505e-17,-0.2732796660052159,-0.3336953538063663,10.596500570250795
1999,2007,19,-48.89203849206349,營業利益率OPM,7,1.0,7.105427357601002e-17,-0.09874953537569939,-4.431467039601656,5.12904059246526
1999,2007,19,-48.89203849206349,股價營收比,4,0.9999999999999999,2.4424906541753444e-17,-0.2641126542155639,-0.44168158092278587,11.31573652989842
1999,2007,19,-48.89203849206349,M營業利益成長率,14,1.0,-8.881784197001253e-18,-0.17698851644776872,-6.073745550972272,8.925073666090775
1999,2007,19,-48.89203849206349,利潤邊際NPM,8,1.0,-5.329070518200751e-17,-0.050644076210058106,-6.0135210289803664,6.305002343057324
1999,2007,19,-48.89203849206349,M稅後淨利成長率,15,1.0,-1.7763568394002505e-17,0.03490104127634991,-13.90773687389086,1.0119284540879316
1999,2007,19,-48.89203849206349,資產報酬率ROA,6,1.0,-3.552713678800501e-17,0.0603634218795463,-7.823560272180674,2.305103899816174
1999,2007,19,-48.89203849206349,負債/淨值比,9,1.0,-7.105427357601002e-17,-0.2946675693420375,-1.3661289985977776,4.105578429654558
2000,2001,3,-13.60199928571429,M流動比率,10,1.0,-2.886579864025407e-17,-0.2932411992063212,-1.2635272596486553,5.8735111323372236
2000,2001,3,-13.60199928571429,M存貨週轉率 (次),12,1.0,-1.1102230246251566e-17,-0.2383770113795606,-0.6682162655023784,6.9853212007960765
2000,2001,3,-13.60199928571429,營業利益率OPM,7,1.0,0.0,-0.2392260804516121,-2.117774795277136,4.846413113112818
2000,2001,3,-13.60199928571429,收盤價(元)_年,1,1.0,2.2204460492503132e-17,-0.18122986068918656,-0.38733076225743224,12.580207868699937
2000,2001,3,-13.60199928571429,市值(百萬元),0,1.0,0.0,-0.25580363120373306,-0.29453591511408145,9.374588056609582
2000,2001,3,-13.60199928571429,M速動比率,11,1.0,-2.2204460492503132e-17,-0.272544691828703,-1.0800819794448095,5.947378391002955
2000,2001,3,-13.60199928571429,M稅後淨利成長率,15,1.0,8.881784197001253e-18,-0.05458144013125348,-8.087561248916515,10.210582969390218
2000,2001,3,-13.60199928571429,股價淨值比,3,1.0,-4.4408920985006264e-17,-0.17426259574505842,-0.3981464780087315,13.108530012338193
2000,2002,13,33.12730273972603,M存貨週轉率 (次),12,1.0,-1.1102230246251566e-17,-0.2383770113795606,-0.6682162655023784,6.9853212007960765
2000,2002,13,33.12730273972603,M稅後淨利成長率,15,1.0,8.881784197001253e-18,-0.05458144013125348,-8.087561248916515,10.210582969390218
2000,2002,13,33.12730273972603,M營業利益成長率,14,1.0,1.5543122344752193e-17,-0.24248107012092918,-1.2232892121506016,9.118513089530412
2000,2002,13,33.12730273972603,收盤價(元)_年,1,1.0,2.2204460492503132e-17,-0.18122986068918656,-0.38733076225743224,12.580207868699937
2000,2002,13,33.12730273972603,市值(百萬元),0,1.0,0.0,-0.25580363120373306,-0.29453591511408145,9.374588056609582
2000,2002,13,33.12730273972603,M應收帳款週轉次,13,0.9999999999999998,-3.1086244689504386e-17,-0.22536802535988654,-0.5630590271999998,10.839712856478295
2000,2002,13,33.12730273972603,股價淨值比,3,1.0,-4.4408920985006264e-17,-0.17426259574505842,-0.3981464780087315,13.108530012338193
2000,2002,13,33.12730273972603,股價營收比,4,1.0,6.217248937900877e-17,-0.2840339766976757,-0.5860312330583745,9.333960883358287
2000,2003,3,0.9422308823529413,利潤邊際NPM,8,1.0,0.0,-0.12106424920518824,-4.315160986941182,7.507131097158173
2000,2003,3,0.9422308823529413,M稅後淨利成長率,15,1.0,8.881784197001253e-18,-0.05458144013125348,-8.087561248916515,10.210582969390218
2000,2003,3,0.9422308823529413,營業利益率OPM,7,1.0,0.0,-0.2392260804516121,-2.117774795277136,4.846413113112818
2000,2003,3,0.9422308823529413,M應收帳款週轉次,13,0.9999999999999998,-3.1086244689504386e-17,-0.22536802535988654,-0.5630590271999998,10.839712856478295
2000,2003,3,0.9422308823529413,M速動比率,11,1.0,-2.2204460492503132e-17,-0.272544691828703,-1.0800819794448095,5.947378391002955
2000,2003,3,0.9422308823529413,M營業利益成長率,14,1.0,1.5543122344752193e-17,-0.24248107012092918,-1.2232892121506016,9.118513089530412
2000,2003,3,0.9422308823529413,M流動比率,10,1.0,-2.886579864025407e-17,-0.2932411992063212,-1.2635272596486553,5.8735111323372236
2000,2003,3,0.9422308823529413,Unknown masked parameter,2,1.0,8.881784197001253e-17,0.10305794965517412,-1.613058793305148,1.7021944327353962
2000,2004,19,33.995252916666665,M流動比率,10,1.0,-2.886579864025407e-17,-0.2932411992063212,-1.2635272596486553,5.8735111323372236
2000,2004,19,33.995252916666665,收盤價(元)_年,1,1.0,2.2204460492503132e-17,-0.18122986068918656,-0.38733076225743224,12.580207868699937
2000,2004,19,33.995252916666665,M稅後淨利成長率,15,1.0,8.881784197001253e-18,-0.05458144013125348,-8.087561248916515,10.210582969390218
2000,2004,19,33.995252916666665,負債/淨值比,9,1.0,-1.1102230246251566e-17,-0.21376468635548712,-1.2769203937322107,5.201117388878083
2000,2004,19,33.995252916666665,M營業利益成長率,14,1.0,1.5543122344752193e-17,-0.24248107012092918,-1.2232892121506016,9.118513089530412
2000,2004,19,33.995252916666665,資產報酬率ROA,6,0.9999999999999999,-2.1316282072803005e-16,-0.091959487095125,-3.4765308236060513,3.148894266009984
2000,2004,19,33.995252916666665,M淨值報酬率─稅後,5,1.0,3.552713678800501e-17,-0.16621794893762357,-2.905861516259795,4.421513978111583
2000,2004,19,33.995252916666665,M速動比率,11,1.0,-2.2204460492503132e-17,-0.272544691828703,-1.0800819794448095,5.947378391002955
2000,2005,7,33.989013094339626,M流動比率,10,1.0,-2.886579864025407e-17,-0.2932411992063212,-1.2635272596486553,5.8735111323372236
2000,2005,7,33.989013094339626,M存貨週轉率 (次),12,1.0,-1.1102230246251566e-17,-0.2383770113795606,-0.6682162655023784,6.9853212007960765
2000,2005,7,33.989013094339626,營業利益率OPM,7,1.0,0.0,-0.2392260804516121,-2.117774795277136,4.846413113112818
2000,2005,7,33.989013094339626,利潤邊際NPM,8,1.0,0.0,-0.12106424920518824,-4.315160986941182,7.507131097158173
2000,2005,7,33.989013094339626,M速動比率,11,1.0,-2.2204460492503132e-17,-0.272544691828703,-1.0800819794448095,5.947378391002955
2000,2005,7,33.989013094339626,負債/淨值比,9,1.0,-1.1102230246251566e-17,-0.21376468635548712,-1.2769203937322107,5.201117388878083
2000,2005,7,33.989013094339626,M稅後淨利成長率,15,1.0,8.881784197001253e-18,-0.05458144013125348,-8.087561248916515,10.210582969390218
2000,2005,7,33.989013094339626,M營業利益成長率,14,1.0,1.5543122344752193e-17,-0.24248107012092918,-1.2232892121506016,9.118513089530412
2000,2006,19,10.80302840909091,M淨值報酬率─稅後,5,1.0,3.552713678800501e-17,-0.16621794893762357,-2.905861516259795,4.421513978111583
2000,2006,19,10.80302840909091,M應收帳款週轉次,13,0.9999999999999998,-3.1086244689504386e-17,-0.22536802535988654,-0.5630590271999998,10.839712856478295
2000,2006,19,10.80302840909091,M流動比率,10,1.0,-2.886579864025407e-17,-0.2932411992063212,-1.2635272596486553,5.8735111323372236
2000,2006,19,10.80302840909091,M營業利益成長率,14,1.0,1.5543122344752193e-17,-0.24248107012092918,-1.2232892121506016,9.118513089530412
2000,2006,19,10.80302840909091,M稅後淨利成長率,15,1.0,8.881784197001253e-18,-0.05458144013125348,-8.087561248916515,10.210582969390218
2000,2006,19,10.80302840909091,資產報酬率ROA,6,0.9999999999999999,-2.1316282072803005e-16,-0.091959487095125,-3.4765308236060513,3.148894266009984
2000,2006,19,10.80302840909091,M速動比率,11,1.0,-2.2204460492503132e-17,-0.272544691828703,-1.0800819794448095,5.947378391002955
2000,2006,19,10.80302840909091,Unknown masked parameter,2,1.0,8.881784197001253e-17,0.10305794965517412,-1.613058793305148,1.7021944327353962
2000,2007,11,-48.28301587301587,M淨值報酬率─稅後,5,1.0,3.552713678800501e-17,-0.16621794893762357,-2.905861516259795,4.421513978111583
2000,2007,11,-48.28301587301587,Unknown masked parameter,2,1.0,8.881784197001253e-17,0.10305794965517412,-1.613058793305148,1.7021944327353962
2000,2007,11,-48.28301587301587,M營業利益成長率,14,1.0,1.5543122344752193e-17,-0.24248107012092918,-1.2232892121506016,9.118513089530412
2000,2007,11,-48.28301587301587,M應收帳款週轉次,13,0.9999999999999998,-3.1086244689504386e-17,-0.22536802535988654,-0.5630590271999998,10.839712856478295
2000,2007,11,-48.28301587301587,M稅後淨利成長率,15,1.0,8.881784197001253e-18,-0.05458144013125348,-8.087561248916515,10.210582969390218
2000,2007,11,-48.28301587301587,M速動比率,11,1.0,-2.2204460492503132e-17,-0.272544691828703,-1.0800819794448095,5.947378391002955
2000,2007,11,-48.28301587301587,M流動比率,10,1.0,-2.886579864025407e-17,-0.2932411992063212,-1.2635272596486553,5.8735111323372236
2000,2007,11,-48.28301587301587,M存貨週轉率 (次),12,1.0,-1.1102230246251566e-17,-0.2383770113795606,-0.6682162655023784,6.9853212007960765
2001,2002,15,38.19734831460674,股價淨值比,3,1.0000000000000002,-3.9968028886505634e-17,-0.18882735780308352,-0.46474095857913716,12.569730635529327
2001,2002,15,38.19734831460674,M應收帳款週轉次,13,1.0,2.6645352591003756e-17,-0.20002147771264733,-0.5722376764167284,12.235367396428316
2001,2002,15,38.19734831460674,Unknown masked parameter,2,1.0,1.0658141036401502e-16,-0.10746484663464953,-1.6877416146760005,1.8795658926149494
2001,2002,15,38.19734831460674,股價營收比,4,0.9999999999999999,-7.105427357601002e-17,-0.3140109411326958,-0.5658398671474316,8.331619641214713
2001,2002,15,38.19734831460674,利潤邊際NPM,8,1.0,0.0,0.07212222716066886,-7.598317071688239,3.7595452732465144
2001,2002,15,38.19734831460674,收盤價(元)_年,1,1.0,1.1102230246251566e-17,-0.2028984536379351,-0.4737675399261484,12.450172643011163
2001,2002,15,38.19734831460674,市值(百萬元),0,1.0,-1.7763568394002505e-17,-0.22365183568768018,-0.27232703057049995,11.746900881031106
2001,2002,15,38.19734831460674,營業利益率OPM,7,1.0,5.773159728050814e-17,0.019502430772637865,-5.967954709256072,3.5680280852238466
2001,2003,5,16.927148809523807,M應收帳款週轉次,13,1.0,2.6645352591003756e-17,-0.20002147771264733,-0.5722376764167284,12.235367396428316
2001,2003,5,16.927148809523807,營業利益率OPM,7,1.0,5.773159728050814e-17,0.019502430772637865,-5.967954709256072,3.5680280852238466
2001,2003,5,16.927148809523807,M稅後淨利成長率,15,0.9999999999999998,-8.881784197001253e-18,0.1302181560517991,-11.617351004752788,1.2620347670485421
2001,2003,5,16.927148809523807,M營業利益成長率,14,1.0,-1.7763568394002505e-17,0.08602787071479093,-13.798160304976397,0.6431854608115382
2001,2003,5,16.927148809523807,股價營收比,4,0.9999999999999999,-7.105427357601002e-17,-0.3140109411326958,-0.5658398671474316,8.331619641214713
2001,2003,5,16.927148809523807,M速動比率,11,1.0,-6.439293542825907e-17,-0.2529101155936686,-1.0435532979561932,6.440633326046541
2001,2003,5,16.927148809523807,市值(百萬元),0,1.0,-1.7763568394002505e-17,-0.22365183568768018,-0.27232703057049995,11.746900881031106
2001,2003,5,16.927148809523807,收盤價(元)_年,1,1.0,1.1102230246251566e-17,-0.2028984536379351,-0.4737675399261484,12.450172643011163
2001,2004,11,6.989419166666666,M應收帳款週轉次,13,1.0,2.6645352591003756e-17,-0.20002147771264733,-0.5722376764167284,12.235367396428316
2001,2004,11,6.989419166666666,股價營收比,4,0.9999999999999999,-7.105427357601002e-17,-0.3140109411326958,-0.5658398671474316,8.331619641214713
2001,2004,11,6.989419166666666,M流動比率,10,1.0,6.88338275267597e-17,-0.2788044675685259,-1.204441123088116,5.81745703200757
2001,2004,11,6.989419166666666,M存貨週轉率 (次),12,1.0,1.3322676295501878e-16,-0.23188001197959238,-0.8048517738729776,7.893855606864877
2001,2004,11,6.989419166666666,M營業利益成長率,14,1.0,-1.7763568394002505e-17,0.08602787071479093,-13.798160304976397,0.6431854608115382
2001,2004,11,6.989419166666666,M稅後淨利成長率,15,0.9999999999999998,-8.881784197001253e-18,0.1302181560517991,-11.617351004752788,1.2620347670485421
2001,2004,11,6.989419166666666,收盤價(元)_年,1,1.0,1.1102230246251566e-17,-0.2028984536379351,-0.4737675399261484,12.450172643011163
2001,2004,11,6.989419166666666,營業利益率OPM,7,1.0,5.773159728050814e-17,0.019502430772637865,-5.967954709256072,3.5680280852238466
2001,2005,17,36.179490270270264,利潤邊際NPM,8,1.0,0.0,0.07212222716066886,-7.598317071688239,3.7595452732465144
2001,2005,17,36.179490270270264,M應收帳款週轉次,13,1.0,2.6645352591003756e-17,-0.20002147771264733,-0.5722376764167284,12.235367396428316
2001,2005,17,36.179490270270264,M稅後淨利成長率,15,0.9999999999999998,-8.881784197001253e-18,0.1302181560517991,-11.617351004752788,1.2620347670485421
2001,2005,17,36.179490270270264,M營業利益成長率,14,1.0,-1.7763568394002505e-17,0.08602787071479093,-13.798160304976397,0.6431854608115382
2001,2005,17,36.179490270270264,股價營收比,4,0.9999999999999999,-7.105427357601002e-17,-0.3140109411326958,-0.5658398671474316,8.331619641214713
2001,2005,17,36.179490270270264,M速動比率,11,1.0,-6.439293542825907e-17,-0.2529101155936686,-1.0435532979561932,6.440633326046541
2001,2005,17,36.179490270270264,市值(百萬元),0,1.0,-1.7763568394002505e-17,-0.22365183568768018,-0.27232703057049995,11.746900881031106
2001,2005,17,36.179490270270264,M淨值報酬率─稅後,5,1.0,8.215650382226158e-17,-0.01838777114540238,-4.059987979432633,3.798257377665643
2001,2006,3,16.872975666666665,M應收帳款週轉次,13,1.0,2.6645352591003756e-17,-0.20002147771264733,-0.5722376764167284,12.235367396428316
2001,2006,3,16.872975666666665,營業利益率OPM,7,1.0,5.773159728050814e-17,0.019502430772637865,-5.967954709256072,3.5680280852238466
2001,2006,3,16.872975666666665,Unknown masked parameter,2,1.0,1.0658141036401502e-16,-0.10746484663464953,-1.6877416146760005,1.8795658926149494
2001,2006,3,16.872975666666665,M流動比率,10,1.0,6.88338275267597e-17,-0.2788044675685259,-1.204441123088116,5.81745703200757
2001,2006,3,16.872975666666665,M淨值報酬率─稅後,5,1.0,8.215650382226158e-17,-0.01838777114540238,-4.059987979432633,3.798257377665643
2001,2006,3,16.872975666666665,股價營收比,4,0.9999999999999999,-7.105427357601002e-17,-0.3140109411326958,-0.5658398671474316,8.331619641214713
2001,2006,3,16.872975666666665,市值(百萬元),0,1.0,-1.7763568394002505e-17,-0.22365183568768018,-0.27232703057049995,11.746900881031106
2001,2006,3,16.872975666666665,M速動比率,11,1.0,-6.439293542825907e-17,-0.2529101155936686,-1.0435532979561932,6.440633326046541
2001,2007,13,-41.55544166666666,M應收帳款週轉次,13,1.0,2.6645352591003756e-17,-0.20002147771264733,-0.5722376764167284,12.235367396428316
2001,2007,13,-41.55544166666666,M存貨週轉率 (次),12,1.0,1.3322676295501878e-16,-0.23188001197959238,-0.8048517738729776,7.893855606864877
2001,2007,13,-41.55544166666666,M稅後淨利成長率,15,0.9999999999999998,-8.881784197001253e-18,0.1302181560517991,-11.617351004752788,1.2620347670485421
2001,2007,13,-41.55544166666666,M營業利益成長率,14,1.0,-1.7763568394002505e-17,0.08602787071479093,-13.798160304976397,0.6431854608115382
2001,2007,13,-41.55544166666666,M淨值報酬率─稅後,5,1.0,8.215650382226158e-17,-0.01838777114540238,-4.059987979432633,3.798257377665643
2001,2007,13,-41.55544166666666,M流動比率,10,1.0,6.88338275267597e-17,-0.2788044675685259,-1.204441123088116,5.81745703200757
2001,2007,13,-41.55544166666666,市值(百萬元),0,1.0,-1.7763568394002505e-17,-0.22365183568768018,-0.27232703057049995,11.746900881031106
2001,2007,13,-41.55544166666666,股價營收比,4,0.9999999999999999,-7.105427357601002e-17,-0.3140109411326958,-0.5658398671474316,8.331619641214713
2002,2003,17,14.429363220338981,市值(百萬元),0,1.0,-3.552713678800501e-17,-0.275464172845733,-0.36303024771612136,10.023897862848893
2002,2003,17,14.429363220338981,負債/淨值比,9,1.0,-2.2204460492503132e-17,-0.09698255043202526,-0.5736104632433615,13.267380451124179
2002,2003,17,14.429363220338981,營業利益率OPM,7,1.0,3.552713678800501e-17,-0.023757906958491296,-6.536932416171093,3.4145226358914584
2002,2003,17,14.429363220338981,利潤邊際NPM,8,1.0,4.884981308350689e-17,0.0645596465813237,-8.800564588463478,2.7966894758183973
2002,2003,17,14.429363220338981,資產報酬率ROA,6,1.0,8.881784197001253e-18,0.08196582343917162,-14.020487736643366,0.38336571237540884
2002,2003,17,14.429363220338981,M營業利益成長率,14,1.0,-4.440892098500626e-18,-0.07667768664798844,-0.2814000532402825,14.090239171865786
2002,2003,17,14.429363220338981,股價營收比,4,1.0,-1.3322676295501878e-17,-0.29834365634087656,-0.8268655280334267,7.046590190203807
2002,2003,17,14.429363220338981,M流動比率,10,1.0,-5.551115123125783e-17,-0.24796418854737756,-1.0728065467577703,5.229917675672661
2002,2004,15,28.43274328358209,M應收帳款週轉次,13,1.0,4.440892098500626e-18,-0.1286679668038697,-0.20617619041906157,13.567501231086863
2002,2004,15,28.43274328358209,M營業利益成長率,14,1.0,-4.440892098500626e-18,-0.07667768664798844,-0.2814000532402825,14.090239171865786
2002,2004,15,28.43274328358209,負債/淨值比,9,1.0,-2.2204460492503132e-17,-0.09698255043202526,-0.5736104632433615,13.267380451124179
2002,2004,15,28.43274328358209,市值(百萬元),0,1.0,-3.552713678800501e-17,-0.275464172845733,-0.36303024771612136,10.023897862848893
2002,2004,15,28.43274328358209,營業利益率OPM,7,1.0,3.552713678800501e-17,-0.023757906958491296,-6.536932416171093,3.4145226358914584
2002,2004,15,28.43274328358209,M速動比率,11,1.0,1.3322676295501878e-17,-0.2903642439586184,-0.9986909312620077,5.34686126758239
2002,2004,15,28.43274328358209,M存貨週轉率 (次),12,1.0,0.0,-0.2566275091571534,-0.7516961833492357,6.6446153121939675
2002,2004,15,28.43274328358209,資產報酬率ROA,6,1.0,8.881784197001253e-18,0.08196582343917162,-14.020487736643366,0.38336571237540884
2002,2005,5,32.8526720229885,營業利益率OPM,7,1.0,3.552713678800501e-17,-0.023757906958491296,-6.536932416171093,3.4145226358914584
2002,2005,5,32.8526720229885,M應收帳款週轉次,13,1.0,4.440892098500626e-18,-0.1286679668038697,-0.20617619041906157,13.567501231086863
2002,2005,5,32.8526720229885,市值(百萬元),0,1.0,-3.552713678800501e-17,-0.275464172845733,-0.36303024771612136,10.023897862848893
2002,2005,5,32.8526720229885,利潤邊際NPM,8,1.0,4.884981308350689e-17,0.0645596465813237,-8.800564588463478,2.7966894758183973
2002,2005,5,32.8526720229885,M營業利益成長率,14,1.0,-4.440892098500626e-18,-0.07667768664798844,-0.2814000532402825,14.090239171865786
2002,2005,5,32.8526720229885,股價營收比,4,1.0,-1.3322676295501878e-17,-0.29834365634087656,-0.8268655280334267,7.046590190203807
2002,2005,5,32.8526720229885,負債/淨值比,9,1.0,-2.2204460492503132e-17,-0.09698255043202526,-0.5736104632433615,13.267380451124179
2002,2005,5,32.8526720229885,資產報酬率ROA,6,1.0,8.881784197001253e-18,0.08196582343917162,-14.020487736643366,0.38336571237540884
2002,2006,11,18.08838550724638,市值(百萬元),0,1.0,-3.552713678800501e-17,-0.275464172845733,-0.36303024771612136,10.023897862848893
2002,2006,11,18.08838550724638,M存貨週轉率 (次),12,1.0,0.0,-0.2566275091571534,-0.7516961833492357,6.6446153121939675
2002,2006,11,18.08838550724638,營業利益率OPM,7,1.0,3.552713678800501e-17,-0.023757906958491296,-6.536932416171093,3.4145226358914584
2002,2006,11,18.08838550724638,M應收帳款週轉次,13,1.0,4.440892098500626e-18,-0.1286679668038697,-0.20617619041906157,13.567501231086863
2002,2006,11,18.08838550724638,M流動比率,10,1.0,-5.551115123125783e-17,-0.24796418854737756,-1.0728065467577703,5.229917675672661
2002,2006,11,18.08838550724638,負債/淨值比,9,1.0,-2.2204460492503132e-17,-0.09698255043202526,-0.5736104632433615,13.267380451124179
2002,2006,11,18.08838550724638,M稅後淨利成長率,15,0.9999999999999998,-2.6645352591003756e-17,-0.04395313238881374,-11.474498977813125,4.443330058695927
2002,2006,11,18.08838550724638,M速動比率,11,1.0,1.3322676295501878e-17,-0.2903642439586184,-0.9986909312620077,5.34686126758239
2002,2007,19,-45.96085400000001,市值(百萬元),0,1.0,-3.552713678800501e-17,-0.275464172845733,-0.36303024771612136,10.023897862848893
2002,2007,19,-45.96085400000001,M流動比率,10,1.0,-5.551115123125783e-17,-0.24796418854737756,-1.0728065467577703,5.229917675672661
2002,2007,19,-45.96085400000001,資產報酬率ROA,6,1.0,8.881784197001253e-18,0.08196582343917162,-14.020487736643366,0.38336571237540884
2002,2007,19,-45.96085400000001,M存貨週轉率 (次),12,1.0,0.0,-0.2566275091571534,-0.7516961833492357,6.6446153121939675
2002,2007,19,-45.96085400000001,營業利益率OPM,7,1.0,3.552713678800501e-17,-0.023757906958491296,-6.536932416171093,3.4145226358914584
2002,2007,19,-45.96085400000001,Unknown masked parameter,2,0.9999999999999998,1.1990408665951691e-16,0.08408820605632923,-1.7675838626313511,1.6659784426895172
2002,2007,19,-45.96085400000001,負債/淨值比,9,1.0,-2.2204460492503132e-17,-0.09698255043202526,-0.5736104632433615,13.267380451124179
2002,2007,19,-45.96085400000001,M應收帳款週轉次,13,1.0,4.440892098500626e-18,-0.1286679668038697,-0.20617619041906157,13.567501231086863
2003,2004,19,13.33301346153846,營業利益率OPM,7,1.0,-1.4654943925052067e-16,-0.08901057609673874,-4.271999589603512,3.9140628664365296
2003,2004,19,13.33301346153846,收盤價(元)_年,1,1.0,5.329070518200751e-17,-0.26346753985992943,-0.8619776497733718,6.351540920855525
2003,2004,19,13.33301346153846,M應收帳款週轉次,13,1.0,-5.329070518200751e-17,-0.22385585728773216,-0.5600846519181059,10.282012056849128
2003,2004,19,13.33301346153846,M營業利益成長率,14,1.0,-8.881784197001253e-18,-0.16425529154711174,-0.8225978134158977,11.444286122566679
2003,2004,19,13.33301346153846,M流動比率,10,1.0,1.3322676295501878e-17,-0.14384935179286507,-0.34787488327054905,13.67523633916671
2003,2004,19,13.33301346153846,資產報酬率ROA,6,1.0,-8.881784197001253e-18,0.10750267128458307,-4.0913366735334025,2.643407354276154
2003,2004,19,13.33301346153846,股價淨值比,3,1.0,1.4210854715202004e-16,-0.2612101326989122,-0.9140297139428213,8.57752092534862
2003,2004,19,13.33301346153846,Unknown masked parameter,2,0.9999999999999999,-2.19824158875781e-16,0.045542374783196615,-1.8474469785321814,1.630736502907281
2003,2005,19,33.13522229411764,M存貨週轉率 (次),12,1.0,8.881784197001253e-17,-0.21589912817683238,-0.7484077312228319,8.62985636392283
2003,2005,19,33.13522229411764,市值(百萬元),0,1.0,0.0,-0.2824679321065117,-0.3579182400905163,10.828864328364176
2003,2005,19,33.13522229411764,股價營收比,4,1.0,-2.042810365310288e-16,-0.30489260166125043,-0.8530427216186739,4.996847046667167
2003,2005,19,33.13522229411764,資產報酬率ROA,6,1.0,-8.881784197001253e-18,0.10750267128458307,-4.0913366735334025,2.643407354276154
2003,2005,19,33.13522229411764,M淨值報酬率─稅後,5,0.9999999999999999,1.1102230246251565e-16,-0.09008346469465754,-3.2879706223136043,4.144190476612739
2003,2005,19,33.13522229411764,M營業利益成長率,14,1.0,-8.881784197001253e-18,-0.16425529154711174,-0.8225978134158977,11.444286122566679
2003,2005,19,33.13522229411764,M應收帳款週轉次,13,1.0,-5.329070518200751e-17,-0.22385585728773216,-0.5600846519181059,10.282012056849128
2003,2005,19,33.13522229411764,M流動比率,10,1.0,1.3322676295501878e-17,-0.14384935179286507,-0.34787488327054905,13.67523633916671
2003,2006,3,12.954696354166666,市值(百萬元),0,1.0,0.0,-0.2824679321065117,-0.3579182400905163,10.828864328364176
2003,2006,3,12.954696354166666,M營業利益成長率,14,1.0,-8.881784197001253e-18,-0.16425529154711174,-0.8225978134158977,11.444286122566679
2003,2006,3,12.954696354166666,M應收帳款週轉次,13,1.0,-5.329070518200751e-17,-0.22385585728773216,-0.5600846519181059,10.282012056849128
2003,2006,3,12.954696354166666,M速動比率,11,0.9999999999999999,-5.329070518200751e-17,-0.20795890909786863,-0.6581647042037501,11.799654920989651
2003,2006,3,12.954696354166666,M流動比率,10,1.0,1.3322676295501878e-17,-0.14384935179286507,-0.34787488327054905,13.67523633916671
2003,2006,3,12.954696354166666,M存貨週轉率 (次),12,1.0,8.881784197001253e-17,-0.21589912817683238,-0.7484077312228319,8.62985636392283
2003,2006,3,12.954696354166666,M稅後淨利成長率,15,1.0,7.105427357601002e-17,-0.17644855244933058,-3.2336027647917316,10.25318445746676
2003,2006,3,12.954696354166666,Unknown masked parameter,2,0.9999999999999999,-2.19824158875781e-16,0.045542374783196615,-1.8474469785321814,1.630736502907281
2003,2007,17,-45.834763225806455,市值(百萬元),0,1.0,0.0,-0.2824679321065117,-0.3579182400905163,10.828864328364176
2003,2007,17,-45.834763225806455,M營業利益成長率,14,1.0,-8.881784197001253e-18,-0.16425529154711174,-0.8225978134158977,11.444286122566679
2003,2007,17,-45.834763225806455,M應收帳款週轉次,13,1.0,-5.329070518200751e-17,-0.22385585728773216,-0.5600846519181059,10.282012056849128
2003,2007,17,-45.834763225806455,M存貨週轉率 (次),12,1.0,8.881784197001253e-17,-0.21589912817683238,-0.7484077312228319,8.62985636392283
2003,2007,17,-45.834763225806455,M速動比率,11,0.9999999999999999,-5.329070518200751e-17,-0.20795890909786863,-0.6581647042037501,11.799654920989651
2003,2007,17,-45.834763225806455,M流動比率,10,1.0,1.3322676295501878e-17,-0.14384935179286507,-0.34787488327054905,13.67523633916671
2003,2007,17,-45.834763225806455,M稅後淨利成長率,15,1.0,7.105427357601002e-17,-0.17644855244933058,-3.2336027647917316,10.25318445746676
2003,2007,17,-45.834763225806455,M淨值報酬率─稅後,5,0.9999999999999999,1.1102230246251565e-16,-0.09008346469465754,-3.2879706223136043,4.144190476612739
2004,2005,3,20.265805835616437,M應收帳款週轉次,13,1.0,1.7763568394002505e-17,-0.23792154585325082,-0.40822672840012014,11.011144791281884
2004,2005,3,20.265805835616437,M速動比率,11,1.0,-1.1102230246251565e-16,-0.2775610164869572,-1.054817715252861,6.621388669164955
2004,2005,3,20.265805835616437,M流動比率,10,0.9999999999999999,0.0,-0.22872720308932318,-0.7624519484819472,11.491597107449325
2004,2005,3,20.265805835616437,M存貨週轉率 (次),12,1.0,1.7763568394002505e-17,-0.09909753843695157,-0.1236473350019044,13.581102348038314
2004,2005,3,20.265805835616437,股價淨值比,3,0.9999999999999999,2.575717417130363e-16,-0.22291421735364858,-1.1548618211820576,6.421670236262139
2004,2005,3,20.265805835616437,收盤價(元)_年,1,0.9999999999999998,0.0,-0.2808192190345832,-0.9577164509653143,8.041516599856132
2004,2005,3,20.265805835616437,M營業利益成長率,14,0.9999999999999999,8.881784197001253e-18,-0.12183434528997383,-0.2561043712057835,12.21827922150946
2004,2005,3,20.265805835616437,市值(百萬元),0,1.0,0.0,-0.2917294278278035,-0.37666586173990096,9.741381409515578
2004,2006,9,10.394605063291138,收盤價(元)_年,1,0.9999999999999998,0.0,-0.2808192190345832,-0.9577164509653143,8.041516599856132
2004,2006,9,10.394605063291138,M流動比率,10,0.9999999999999999,0.0,-0.22872720308932318,-0.7624519484819472,11.491597107449325
2004,2006,9,10.394605063291138,M營業利益成長率,14,0.9999999999999999,8.881784197001253e-18,-0.12183434528997383,-0.2561043712057835,12.21827922150946
2004,2006,9,10.394605063291138,市值(百萬元),0,1.0,0.0,-0.2917294278278035,-0.37666586173990096,9.741381409515578
2004,2006,9,10.394605063291138,M存貨週轉率 (次),12,1.0,1.7763568394002505e-17,-0.09909753843695157,-0.1236473350019044,13.581102348038314
2004,2006,9,10.394605063291138,M應收帳款週轉次,13,1.0,1.7763568394002505e-17,-0.23792154585325082,-0.40822672840012014,11.011144791281884
2004,2006,9,10.394605063291138,股價營收比,4,1.0,-1.7763568394002505e-17,-0.27007669834074405,-0.7235410757900285,9.660689527464811
2004,2006,9,10.394605063291138,M稅後淨利成長率,15,1.0,-4.440892098500626e-18,-0.1466448821875262,-2.732837718042584,8.851195290719202
2004,2007,3,-50.117724505494515,收盤價(元)_年,1,0.9999999999999998,0.0,-0.2808192190345832,-0.9577164509653143,8.041516599856132
2004,2007,3,-50.117724505494515,M流動比率,10,0.9999999999999999,0.0,-0.22872720308932318,-0.7624519484819472,11.491597107449325
2004,2007,3,-50.117724505494515,市值(百萬元),0,1.0,0.0,-0.2917294278278035,-0.37666586173990096,9.741381409515578
2004,2007,3,-50.117724505494515,負債/淨值比,9,1.0,3.2862601528904633e-16,-0.014224448773523569,-1.6445679870246936,4.042290057061129
2004,2007,3,-50.117724505494515,M稅後淨利成長率,15,1.0,-4.440892098500626e-18,-0.1466448821875262,-2.732837718042584,8.851195290719202
2004,2007,3,-50.117724505494515,M營業利益成長率,14,0.9999999999999999,8.881784197001253e-18,-0.12183434528997383,-0.2561043712057835,12.21827922150946
2004,2007,3,-50.117724505494515,M存貨週轉率 (次),12,1.0,1.7763568394002505e-17,-0.09909753843695157,-0.1236473350019044,13.581102348038314
2004,2007,3,-50.117724505494515,M速動比率,11,1.0,-1.1102230246251565e-16,-0.2775610164869572,-1.054817715252861,6.621388669164955
2005,2006,3,13.173522352941173,M淨值報酬率─稅後,5,1.0,3.3306690738754695e-17,-0.13785352825880198,-5.254905258101173,2.765717972334502
2005,2006,3,13.173522352941173,M存貨週轉率 (次),12,1.0,8.881784197001253e-18,-0.08745165302194524,-0.09294966874167272,13.705429539782592
2005,2006,3,13.173522352941173,M應收帳款週轉次,13,1.0,-8.881784197001253e-17,-0.29104040604553355,-0.6775817965814188,8.145666318832031
2005,2006,3,13.173522352941173,負債/淨值比,9,0.9999999999999998,2.353672812205332e-16,-0.1309952620516705,-1.4567536055797436,4.375025368655168
2005,2006,3,13.173522352941173,M稅後淨利成長率,15,0.9999999999999999,-1.7763568394002505e-17,-0.08283458298112224,-1.6742690838967047,12.10828452817296
2005,2006,3,13.173522352941173,M流動比率,10,0.9999999999999998,-8.881784197001253e-17,-0.33709256416009237,-1.215662338855413,5.332025957794212
2005,2006,3,13.173522352941173,市值(百萬元),0,1.0,3.552713678800501e-17,-0.26596230158699613,-0.335870813847747,11.25754642923828
2005,2006,3,13.173522352941173,資產報酬率ROA,6,1.0,-1.865174681370263e-16,-0.0025890375498578483,-6.191129399047416,2.9385156044177414
2005,2007,5,-47.48331506024096,負債/淨值比,9,0.9999999999999998,2.353672812205332e-16,-0.1309952620516705,-1.4567536055797436,4.375025368655168
2005,2007,5,-47.48331506024096,M存貨週轉率 (次),12,1.0,8.881784197001253e-18,-0.08745165302194524,-0.09294966874167272,13.705429539782592
2005,2007,5,-47.48331506024096,M營業利益成長率,14,1.0,2.6645352591003756e-17,-0.06563986746831071,-7.188777355981158,11.497155868527273
2005,2007,5,-47.48331506024096,M流動比率,10,0.9999999999999998,-8.881784197001253e-17,-0.33709256416009237,-1.215662338855413,5.332025957794212
2005,2007,5,-47.48331506024096,M稅後淨利成長率,15,0.9999999999999999,-1.7763568394002505e-17,-0.08283458298112224,-1.6742690838967047,12.10828452817296
2005,2007,5,-47.48331506024096,M淨值報酬率─稅後,5,1.0,3.3306690738754695e-17,-0.13785352825880198,-5.254905258101173,2.765717972334502
2005,2007,5,-47.48331506024096,Unknown masked parameter,2,1.0,1.887379141862766e-16,0.05491925031441541,-1.755438102093966,1.6736505100796366
2005,2007,5,-47.48331506024096,資產報酬率ROA,6,1.0,-1.865174681370263e-16,-0.0025890375498578483,-6.191129399047416,2.9385156044177414
2006,2007,19,-47.434073421052624,M存貨週轉率 (次),12,0.9999999999999998,1.7763568394002505e-17,-0.1020174630749377,-0.11171282362524367,13.335984708355305
2006,2007,19,-47.434073421052624,資產報酬率ROA,6,1.0,1.5987211554602254e-16,-0.029945099669761964,-7.841278224034484,5.851548296865436
2006,2007,19,-47.434073421052624,M營業利益成長率,14,0.9999999999999998,-8.881784197001253e-18,-0.2151112371530617,-2.0798417348349276,7.665638251699759
2006,2007,19,-47.434073421052624,M速動比率,11,0.9999999999999999,-5.329070518200751e-17,-0.3540028637751482,-1.1558267170472456,4.217236501972808
2006,2007,19,-47.434073421052624,M應收帳款週轉次,13,1.0,-1.5987211554602254e-16,-0.2935478167393671,-0.6888379142613914,7.23493176788464
2006,2007,19,-47.434073421052624,M流動比率,10,0.9999999999999998,-7.771561172376095e-17,-0.3653924629915144,-1.2092835039189829,3.86991663625778
2006,2007,19,-47.434073421052624,M稅後淨利成長率,15,1.0,-1.7763568394002505e-17,-0.18975035622290592,-4.943165646525169,9.042129079303738
2006,2007,19,-47.434073421052624,負債/淨值比,9,1.0,-1.2878587085651815e-16,-0.17537245036292665,-5.819196202230587,4.445823256701606
