證券代碼,簡稱,年月,市值(百萬元),收盤價(元)_年,Unknown masked parameter,股價淨值比,股價營收比,M淨值報酬率─稅後,資產報酬率ROA,營業利益率OPM,利潤邊際NPM,負債/淨值比,M流動比率,M速動比率,M存貨週轉率 (次),M應收帳款週轉次,M營業利益成長率,M稅後淨利成長率,Return,ReturnMean_year_Label,年份,訓練年份,測試年份,使用準則,最大深度
19982330,台積電       ,199812,429349,14.27,0.644318130193692,1.0266,1.711,0.10901,0.16363,0.27383,0.30431,0.50111,324.93,262.27,6.96,6.02,-7.51,-19.89,193.2025,1,1998,1997,1998,gini,3
2323,中環         ,199812,43764,18.14,0.258064695912067,0.9989,1.6053,0.099497,0.1988,0.23446,0.32606,0.99804,111.09,81.27,4.49,4.48,969.71,28.82,191.6759,1,1998,1997,1998,gini,3
2401,凌陽         ,199812,22356,25.91,0.458848828179931,1.3474,1.7285,0.19896,0.25028,0.3201,0.34635,0.25792,252.17,227.78,8.96,6.54,-0.65,-18.86,80.2007,1,1998,1997,1998,gini,3
5313,皇旗         ,199812,9428,35.59,0.015487125636019,2.2327,0.74503,0.032553,0.08949,0.056824,0.029862,1.749,171.17,94.72,3.41,3.31,42.35,86.54,-24.6979,-1,1998,1997,1998,gini,3
2315,神達         ,199912,36914,21.23,0.667832727013717,1.2393,0.12503,0.042734,0.11083,0.02003,0.013407,1.5935,134.25,70.89,10.55,15.5,-2.23,3.61,-59.2558,-1,1999,1998,1999,gini,3
2207,和泰         ,199912,10507,10.56,0.627896379614169,0.52485,0.10139,0.0461,0.083367,0.017154,0.016104,0.80838,139.53,122.65,37.19,7.1,23.91,-30.13,11.1742,1,1999,1998,1999,gini,3
9921,巨大         ,199912,6463,11.62,0.154752348656045,0.68717,0.187,0.058476,0.15221,0.055352,0.041428,1.6029,133.45,86.43,3.48,4.47,-30.72,-13.65,58.864,1,1999,1998,1999,gini,3
2357,華碩         ,200012,152009,145.92,0.988911616079589,4.2222,3.2326,0.24625,0.28887,0.1937,0.2212,0.17309,535.94,455.95,8.68,13.55,8.58,9.53,101.7475,1,2000,1999,2000,gini,5
2401,凌陽         ,200012,48655,56.34,0.666416217319468,2.9283,3.3219,0.26079,0.30484,0.28857,0.34701,0.16891,404.5,304.36,5.49,6.36,39.06,71.88,13.1168,-1,2000,1999,2000,gini,5
2603,長榮         ,200012,44275,11.91,0.660944557947342,0.69406,0.39437,0.012138,0.036369,0.074172,0.020753,1.9963,71.43,62.18,0.0,5.6,19.92,39.63,-40.3023,-1,2000,1999,2000,gini,5
1802,台玻         ,200012,33411,13.57,0.0169829383372613,0.64711,0.98763,0.077364,0.095178,0.21985,0.14694,0.23025,353.98,259.27,3.77,6.4,159.2,41.55,-18.2756,-1,2000,1999,2000,gini,5
2379,瑞昱         ,200012,19932,35.13,0.123083747545945,1.5261,1.4595,0.2385,0.32961,0.31664,0.31527,0.38201,488.85,413.77,8.38,7.5,116.21,128.36,199.0037,1,2000,1999,2000,gini,5
2411,飛瑞         ,200012,14503,18.5,0.695163039444332,1.2568,1.3899,0.12866,0.15657,0.17496,0.18002,0.21691,462.27,409.49,7.82,5.52,-25.24,-11.57,-9.8919,-1,2000,1999,2000,gini,5
2391,合勤         ,200012,9697,15.72,0.73784165379759,0.71293,0.85065,0.085253,0.099816,0.1093,0.11951,0.17082,458.98,318.12,3.71,6.67,156.17,68.29,60.7506,1,2000,1999,2000,gini,5
9925,新保         ,200012,6440,9.36,0.177107533789109,0.55648,0.64865,0.086066,0.11829,0.17633,0.14055,0.37439,115.13,104.71,94.73,13.63,28.52,31.38,14.5299,-1,2000,1999,2000,gini,5
2331,精英         ,200012,6169,10.02,0.539982099037929,0.48429,0.075606,0.12086,0.36864,0.071841,0.060136,2.0501,131.16,109.18,19.85,5.55,35.18,20.67,677.7445,1,2000,1999,2000,gini,5
2492,華新科       ,200012,6142,16.14,0.706917419322763,0.41321,0.58037,0.11637,0.15037,0.22441,0.21123,0.29217,282.52,184.59,3.38,3.99,747.51,456.08,87.1128,1,2000,1999,2000,gini,5
1314,中石化       ,200012,5916,3.77,0.414522538893108,0.30675,0.27498,0.0016656,0.0049876,0.035197,0.004507,1.9944,61.8,32.91,10.35,12.77,228.47,123.42,-27.321,-1,2000,1999,2000,gini,5
2413,環科         ,200012,5856,36.91,0.464839941625137,1.287,1.6097,0.087151,0.10811,0.14532,0.13518,0.24051,327.89,244.35,4.3,4.98,28.43,20.07,-11.7583,-1,2000,1999,2000,gini,5
2436,偉詮電       ,200012,5691,18.27,0.35963491348208,1.0005,1.2749,0.21475,0.25638,0.21052,0.33012,0.19384,485.67,417.96,6.85,4.03,126.95,105.14,52.4904,1,2000,1999,2000,gini,5
5471,松翰         ,200012,5453,22.64,0.208946673993135,1.0996,0.64538,0.38144,0.46945,0.30585,0.27551,0.23071,475.87,395.26,42.42,7.96,71.16,76.47,76.7668,1,2000,1999,2000,gini,5
1103,嘉泥         ,200012,4897,6.15,0.894941675440814,0.39072,0.50659,-0.010952,-0.033396,0.11651,-0.063086,2.0493,131.27,97.31,1.6,2.49,-4.33,-192.14,5.6911,-1,2000,1999,2000,gini,5
2444,友旺         ,200012,4837,45.72,0.0714528127870445,1.9974,1.0844,0.1518,0.20734,0.11901,0.11255,0.3659,240.39,119.5,4.55,9.14,7.36,15.93,70.5818,1,2000,1999,2000,gini,5
1109,信大         ,200012,4627,7.3,0.30736689958792,0.573,1.7096,0.02516,0.029402,0.045508,0.089793,0.16858,302.45,257.98,5.51,2.86,-68.32,-42.68,-5.0685,-1,2000,1999,2000,gini,5
2439,美律         ,200012,4200,20.0,0.533771951767,0.89047,0.93941,0.12877,0.16735,0.18331,0.17655,0.29962,336.23,273.06,4.37,4.6,412.74,332.11,42.25,1,2000,1999,2000,gini,5
1311,福聚         ,200012,4104,8.87,0.109154212042459,0.61512,0.33184,0.020041,0.025595,0.015891,0.013808,0.27713,254.1,111.13,7.22,21.51,-82.8,-82.16,52.3112,1,2000,1999,2000,gini,5
2442,新美齊       ,200012,3383,41.3,0.549540107015198,2.3956,0.36565,0.040789,0.12447,0.022835,0.018994,2.0516,106.03,75.87,11.75,4.69,-15.11,4.23,70.6295,1,2000,1999,2000,gini,5
2328,廣宇         ,200012,3372,6.7,0.485229408584959,0.48306,0.26378,0.023097,0.029542,0.028071,0.017806,0.27903,321.54,202.87,5.2,5.34,1778.2,130.64,114.3284,1,2000,1999,2000,gini,5
1110,東泥         ,200012,3184,4.2,0.943008139570703,0.31461,1.7573,-0.030671,-0.037654,-0.014614,-0.21075,0.22767,285.67,157.12,2.05,3.47,-107.4,-266.8,4.2857,-1,2000,1999,2000,gini,5
2606,裕民         ,200112,4891,2.7,0.44396415501881,0.18987,0.30612,0.02777,0.058281,0.20194,0.093952,1.0987,134.79,101.85,0.0,21.39,-25.93,-38.3,68.5185,1,2001,2000,2001,gini,3
2327,國巨         ,200212,20286,8.3,0.106941658550207,0.51393,1.2188,-0.073828,-0.12715,0.0038261,-0.30147,0.72218,101.19,66.0,1.95,4.02,-98.34,-236.79,67.8313,1,2002,2001,2002,gini,3
1718,中纖         ,200212,7617,4.99,0.628923938652318,0.52471,0.52306,-0.028937,-0.07308,0.04076,-0.072808,1.5255,87.61,49.18,7.16,4.9,-17.11,-7579.13,116.8337,1,2002,2001,2002,gini,3
1314,中石化       ,200312,9041,5.05,0.134338341728708,0.5778,0.47108,0.0058101,0.018893,0.0032197,0.015409,2.2518,128.67,79.83,11.05,7.6,20.94,115.72,37.4257,1,2003,2002,2003,gini,3
2515,中工         ,200312,7535,4.42,0.593361860386109,0.37713,0.541,0.0022488,0.0055702,0.009616,0.0080049,1.477,140.65,25.57,0.56,3.08,-13.33,18.24,26.0181,1,2003,2002,2003,gini,3
2412,中華電       ,200412,602982,38.09,0.612809588835559,1.0231,2.0132,0.10674,0.13884,0.32676,0.27313,0.30067,67.5,53.19,69.94,13.26,2.26,2.81,-1.7327,-1,2004,2003,2004,gini,7
6505,台塑化       ,200412,481417,36.75,0.819422242231876,1.7181,0.88554,0.14207,0.28064,0.15991,0.14466,0.97536,211.6,113.5,8.79,11.25,156.7,165.42,13.6871,-1,2004,2003,2004,gini,7
1303,南亞         ,200412,339353,28.92,0.427910919820171,1.1319,0.92249,0.12915,0.24241,0.12041,0.19868,0.877,182.07,107.89,6.18,6.78,100.2,153.14,6.9848,-1,2004,2003,2004,gini,7
1326,台化         ,200412,295009,33.66,0.966052749611999,1.186,1.122,0.18844,0.29815,0.18734,0.28201,0.58219,198.56,117.57,5.99,13.56,102.68,133.15,4.1295,-1,2004,2003,2004,gini,7
1301,台塑         ,200412,277692,30.65,0.620055054133474,1.154,1.1318,0.16414,0.2686,0.16016,0.26342,0.63637,196.31,127.53,7.74,18.23,147.03,118.89,7.6672,-1,2004,2003,2004,gini,7
2409,友達         ,200412,227574,31.54,0.695389951918004,1.1947,0.92792,0.12121,0.21417,0.17017,0.16634,0.76689,111.47,74.82,9.94,8.93,76.1,78.56,20.7356,1,2004,2003,2004,gini,7
2357,華碩         ,200412,215721,223.47,0.720164612017979,6.8675,2.2817,0.095949,0.18135,0.058757,0.060386,0.89011,193.73,123.22,5.68,6.93,34.99,30.8,35.7677,1,2004,2003,2004,gini,7
2454,聯發科       ,200412,166176,121.41,0.556694632012102,2.1735,2.2856,0.29959,0.3347,0.36833,0.35324,0.11721,874.59,778.91,7.7,11.1,-0.04,-12.77,106.6963,1,2004,2003,2004,gini,7
2353,宏碁         ,200412,109901,33.22,0.694803289108456,1.125,0.3033,0.056336,0.1127,0.016917,0.031161,1.0004,141.96,116.96,17.52,7.28,106.81,-4.2,75.1957,1,2004,2003,2004,gini,7
2324,仁寶         ,200412,105822,20.22,0.426455535710237,1.1541,0.28812,0.05119,0.10854,0.046309,0.028605,1.1204,149.93,120.98,13.85,5.5,-8.6,-38.96,1.088,-1,2004,2003,2004,gini,7
2475,華映         ,200412,98732,12.03,0.836270420676314,0.8636,0.69901,0.050388,0.10728,0.098523,0.088144,1.1291,108.62,90.22,10.37,5.54,170.71,829.0,-20.6151,-1,2004,2003,2004,gini,7
1605,華新         ,200412,53266,13.06,0.8341890610569,0.68628,0.59607,0.098849,0.13216,0.07999,0.11803,0.33696,282.88,191.09,7.09,14.22,167.79,2817.64,-24.5023,-1,2004,2003,2004,gini,7
2615,萬海         ,200412,52984,18.98,0.015644692696527,1.1658,0.64956,0.11572,0.26088,0.14868,0.14533,1.2544,211.94,202.25,0.0,19.1,53.93,53.1,-26.3435,-1,2004,2003,2004,gini,7
2201,裕隆         ,200412,51356,29.93,0.669042590081555,0.93913,0.76274,0.060965,0.10888,0.1063,0.10479,0.78601,149.45,128.94,8.13,2.64,45.91,-8.75,2.9402,-1,2004,2003,2004,gini,7
1102,亞泥         ,200412,48627,12.55,0.217993798750154,0.60424,1.0424,0.07492,0.13669,0.1118,0.24631,0.82453,107.68,75.29,9.38,6.03,37.19,97.16,-0.55777,-1,2004,2003,2004,gini,7
8008,建興電       ,200412,43005,40.71,0.671166232988653,1.7141,0.5274,0.11384,0.27191,0.093573,0.083649,1.3886,157.34,120.58,6.08,4.22,3.41,-5.33,-23.0165,-1,2004,2003,2004,gini,7
2105,正新         ,200412,42482,17.97,0.599585548122814,1.0124,0.59622,0.047947,0.11156,0.084677,0.072299,1.3268,132.79,79.39,4.68,9.11,-17.47,-19.89,-20.0334,-1,2004,2003,2004,gini,7
2606,裕民         ,200412,37538,24.8,0.0196210667655841,1.1402,1.3878,0.31491,0.43988,0.56443,0.53541,0.39682,284.41,251.12,0.0,43.88,202.85,197.59,-12.7823,-1,2004,2003,2004,gini,7
2354,鴻準         ,200412,34948,34.2,0.617390171454084,1.7387,0.40464,0.079748,0.20702,0.052385,0.048183,1.5959,133.53,96.87,11.34,5.01,41.93,17.46,163.7719,1,2004,2003,2004,gini,7
2356,英業達       ,200412,34619,8.5,0.863868222933611,0.64737,0.13217,0.041288,0.086405,0.0088566,0.01764,1.0928,131.51,91.98,14.07,7.54,-21.01,-42.94,47.8824,1,2004,2003,2004,gini,7
2391,合勤         ,200412,27959,46.1,0.766681998621487,2.0434,1.3923,0.18867,0.23143,0.15723,0.16002,0.22666,413.04,294.12,4.91,8.43,38.46,30.9,-0.5423,-1,2004,2003,2004,gini,7
3139,D 台固       ,200412,27558,3.64,0.848709226458282,0.32852,1.957,0.03851,0.050531,0.18827,0.3026,0.31217,243.17,229.46,6.49,9.23,121.16,71.58,12.0879,-1,2004,2003,2004,gini,7
2349,錸德         ,200412,25502,11.6,0.585609125701878,0.47697,1.014,-0.072943,-0.12371,-0.036709,-0.28192,0.69591,126.64,83.39,3.71,3.66,-124.17,-858.0,-7.1552,-1,2004,2003,2004,gini,7
1710,東聯         ,200412,23811,19.36,0.171048017525447,1.1819,1.1139,0.21452,0.24832,0.29379,0.2341,0.15756,210.26,157.68,10.68,18.16,62.24,52.13,-24.2252,-1,2004,2003,2004,gini,7
8078,華寶         ,200412,21467,33.61,0.590483177142572,1.9405,0.79494,0.13209,0.27467,0.090636,0.11251,1.0794,168.62,127.7,8.32,4.76,-28.71,-14.31,177.2092,1,2004,2003,2004,gini,7
1718,中纖         ,200412,21175,11.62,0.44063468076084,0.73638,0.98059,0.12308,0.17223,0.18902,0.22935,0.39928,222.9,130.11,8.32,9.43,78.62,59.98,-33.1325,-1,2004,2003,2004,gini,7
2015,豐興         ,200412,20784,24.24,0.941918930311283,1.1888,0.50124,0.236,0.35337,0.18658,0.14896,0.49733,173.79,63.92,5.23,24.13,199.4,198.67,-30.3218,-1,2004,2003,2004,gini,7
1504,東元         ,200412,20473,8.13,0.655913820257141,0.51326,0.51261,-0.0068751,-0.013102,0.023582,-0.013203,0.90578,136.44,70.55,2.84,5.05,16.28,-192.49,-8.1181,-1,2004,2003,2004,gini,7
2332,友訊         ,200412,20257,23.55,0.451945709260386,1.0813,0.39113,0.10052,0.19484,0.081681,0.080661,0.93838,159.98,89.57,3.85,6.15,64.3,103.82,18.3864,1,2004,2003,2004,gini,7
2474,可成         ,200412,19661,31.24,0.553887065791275,1.1635,1.1744,0.18332,0.3436,0.37888,0.34675,0.87431,136.71,115.05,6.38,2.86,68.47,76.6,251.7606,1,2004,2003,2004,gini,7
1451,年興         ,200412,19327,21.34,0.680065530083361,1.2314,0.95867,0.098609,0.14641,0.081729,0.1143,0.4847,154.26,60.54,4.04,13.02,-35.11,-22.24,-25.4452,-1,2004,2003,2004,gini,7
2451,創見         ,200412,19197,42.94,0.367189905317367,2.0704,0.79933,0.24296,0.32655,0.13404,0.12605,0.34404,541.47,430.23,10.48,12.55,19.96,31.89,9.1756,-1,2004,2003,2004,gini,7
3008,大立光       ,200412,19014,127.47,0.239290606193545,2.7923,5.0664,0.20281,0.22952,0.40061,0.4164,0.13169,541.9,397.78,2.69,3.85,-14.73,-18.85,217.4237,1,2004,2003,2004,gini,7
2315,神達         ,200412,18709,11.3,0.578923492459094,0.64571,0.19473,0.042633,0.11309,0.027577,0.036042,1.6526,103.42,67.18,6.44,5.21,195.79,108.91,196.5487,1,2004,2003,2004,gini,7
2903,遠百         ,200412,17964,12.46,0.112615141025047,0.68162,0.1577,0.019388,0.068063,0.034181,0.019878,2.5106,42.92,32.51,25.14,62.46,34.76,1254.75,15.8106,1,2004,2003,2004,gini,7
2377,微星         ,200412,17473,14.64,0.833363563453134,0.58303,0.16129,0.010583,0.023653,0.005019,0.0065437,1.2349,130.49,78.26,6.01,6.59,-88.53,-84.93,-9.7678,-1,2004,2003,2004,gini,7
2392,正崴         ,200412,17078,36.74,0.360448893378945,1.2062,0.47832,0.071955,0.16453,0.082625,0.065252,1.2866,106.33,75.74,7.61,4.58,69.7,61.95,84.6761,1,2004,2003,2004,gini,7
2449,京元電       ,200412,16597,12.73,0.429397337085805,0.60303,0.96221,0.094856,0.1725,0.23411,0.27537,0.81857,138.89,129.06,134.14,4.67,186.56,256.97,99.0573,1,2004,2003,2004,gini,7
2607,榮運         ,200412,16220,12.24,0.297555384151118,0.71958,1.8947,0.034635,0.050551,0.13786,0.13319,0.45953,124.85,117.84,0.0,4.23,0.25,63.41,-8.1699,-1,2004,2003,2004,gini,7
9915,億豐         ,200412,15080,29.97,0.495066923800459,1.9665,0.84091,0.19315,0.26038,0.15996,0.11183,0.34805,334.86,293.42,20.59,7.62,14.1,5.26,0.23357,-1,2004,2003,2004,gini,7
5371,中光電       ,200412,14841,17.01,0.243573372680951,0.83505,0.15466,0.07517,0.1871,0.05297,0.035352,1.489,152.61,84.93,8.09,8.79,180.33,131.96,77.3075,1,2004,2003,2004,gini,7
3231,緯創         ,200412,14429,8.83,0.0740895768609269,0.53193,0.068238,-0.019863,-0.054268,0.0051398,-0.0070548,1.7321,120.75,64.49,10.78,13.3,74.39,-163.44,174.1789,1,2004,2003,2004,gini,7
3035,智原         ,200412,14396,32.0,0.393883426981697,1.9429,1.5231,0.23648,0.30999,0.23645,0.24307,0.31086,281.45,233.41,8.22,5.84,38.1,26.28,22.25,1,2004,2003,2004,gini,7
2029,盛餘         ,200412,13842,28.41,0.00130056870059614,1.153,0.47508,0.18902,0.24034,0.1535,0.0992,0.27152,289.88,130.31,8.5,19.86,91.5,49.29,-36.4308,-1,2004,2003,2004,gini,7
2614,東森         ,200412,13035,8.81,0.142484054820971,0.63887,0.49383,0.068778,0.13455,0.15204,0.10399,0.95626,156.81,110.22,4.7,4.99,153.88,78.43,-21.6799,-1,2004,2003,2004,gini,7
3006,晶豪科       ,200412,12897,45.25,0.174892065335783,1.3536,0.9355,0.21675,0.27689,0.26948,0.19135,0.27744,459.05,333.83,5.01,18.0,169.65,63.76,-32.6188,-1,2004,2003,2004,gini,7
1717,長興         ,200412,12665,10.17,0.138648971592595,0.58081,0.25852,0.050677,0.1173,0.077009,0.052953,1.3146,169.04,102.27,5.12,4.2,83.13,52.13,36.2832,1,2004,2003,2004,gini,7
2385,群光         ,200412,12064,15.88,0.939379765884238,1.2272,0.199,0.07212,0.22541,0.054474,0.039891,2.1255,101.85,58.47,6.1,6.47,-23.15,-40.23,8.4383,-1,2004,2003,2004,gini,7
3044,健鼎         ,200412,11527,23.5,0.436327077480103,1.2278,0.57443,0.091778,0.23173,0.12123,0.10871,1.5249,101.19,80.81,10.84,3.83,64.98,80.81,154.7234,1,2004,2003,2004,gini,7
8069,元太         ,200412,11330,16.54,0.173853037365001,1.1583,0.58239,0.14365,0.29856,0.15222,0.15011,1.0783,160.54,73.3,4.25,24.3,169.46,228.96,-28.5369,-1,2004,2003,2004,gini,7
2206,三陽         ,200412,11194,10.38,0.430596519859417,0.6847,0.26239,0.05089,0.13077,0.053107,0.049552,1.5697,103.77,53.71,8.78,34.79,24.14,200.54,-2.5048,-1,2004,2003,2004,gini,7
2101,南港         ,200412,10902,15.05,0.00734866110284693,0.77657,0.58243,0.078712,0.17885,0.17162,0.1341,1.2723,76.82,36.61,7.0,13.1,168.24,390.66,1.794,-1,2004,2003,2004,gini,7
1729,必翔         ,200412,10744,52.5,0.645128786607383,3.2874,4.321,0.20053,0.22124,0.30539,0.29077,0.10329,657.68,534.85,4.41,11.98,-29.15,-34.16,-15.0286,-1,2004,2003,2004,gini,7
5903,全家         ,200412,10646,37.4,0.55230984450773,2.4317,0.26941,0.082965,0.21578,0.028559,0.023907,1.6008,100.65,74.16,20.96,79.22,24.88,18.43,10.4011,-1,2004,2003,2004,gini,7
2504,國產         ,200412,10576,7.26,0.21810872978328,0.54875,0.70077,0.027676,0.041749,0.067059,0.053313,0.50852,136.01,94.74,4.78,3.9,576.67,843.86,0.13774,-1,2004,2003,2004,gini,7
1527,鑽全         ,200412,10348,39.97,0.772366213613043,1.9817,1.7757,0.17228,0.28532,0.34576,0.25569,0.65614,130.64,104.91,5.07,6.87,19.98,18.08,15.4866,1,2004,2003,2004,gini,7
8017,展茂         ,200412,10296,10.61,0.370864718973405,0.85981,1.1228,0.057613,0.11435,0.14827,0.14934,0.98487,227.01,194.94,12.2,4.9,906.01,4346.1,5.0895,-1,2004,2003,2004,gini,7
1304,台聚         ,200412,10221,8.24,0.890928821025695,0.62757,0.7803,0.050885,0.091347,0.13677,0.12583,0.79516,219.67,154.99,5.28,12.68,173.34,411.58,-20.6311,-1,2004,2003,2004,gini,7
2106,建大         ,200412,10216,15.65,0.856376907728261,1.0921,0.57452,0.050352,0.10557,0.068049,0.05529,1.0966,140.7,96.53,4.84,5.31,-10.53,-19.62,-30.9904,-1,2004,2003,2004,gini,7
2010,春源         ,200412,9904,12.78,0.591594408907438,0.70413,0.27296,0.083616,0.17174,0.08041,0.070583,1.054,165.66,88.29,3.91,4.91,83.2,83.58,-20.6573,-1,2004,2003,2004,gini,7
2441,超豐         ,200412,9653,14.04,0.442397893041165,0.74562,0.76056,0.17603,0.22534,0.25954,0.22982,0.28017,395.81,359.93,13.27,4.17,42.88,48.73,70.8689,1,2004,2003,2004,gini,7
2534,宏盛         ,200412,9510,10.36,0.532426482500133,0.70237,8.7059,-0.0011111,-0.002682,-0.31051,-0.033251,1.4137,228.64,3.25,0.04,27.29,25.95,88.33,41.0232,1,2004,2003,2004,gini,7
2515,中工         ,200412,9498,5.57,0.179301843821789,0.481,0.68681,0.0031267,0.007378,0.015861,0.010545,1.3597,150.05,30.88,0.56,2.88,67.18,33.95,-29.0844,-1,2004,2003,2004,gini,7
6153,嘉聯益       ,200412,9480,25.31,0.336532925801063,1.2286,0.67692,0.14371,0.23777,0.1655,0.131,0.6545,270.85,209.79,5.0,4.02,203.16,178.87,0.19755,-1,2004,2003,2004,gini,7
2393,億光         ,200412,9113,21.6,0.0487385927822667,1.0112,0.94447,0.13466,0.19641,0.21697,0.18363,0.4585,311.06,231.55,5.89,4.45,34.53,20.13,161.4815,1,2004,2003,2004,gini,7
2328,廣宇         ,200412,9070,17.99,0.552732133178943,1.0785,0.68015,0.076276,0.1112,0.087106,0.076207,0.4579,225.4,202.88,15.95,3.99,117.48,101.73,116.1201,1,2004,2003,2004,gini,7
5305,敦南         ,200412,8969,16.91,0.274811404837501,1.2105,0.6305,0.10924,0.21572,0.12477,0.11232,0.97466,165.55,131.09,10.35,5.41,61.82,59.88,51.0349,1,2004,2003,2004,gini,7
1229,聯華         ,200412,8778,9.0,0.243145179406551,0.59094,2.3873,0.055397,0.070873,0.016294,0.2863,0.27936,159.99,98.27,3.43,5.73,313.27,9.76,-1.0,-1,2004,2003,2004,gini,7
2350,環電         ,200412,8777,8.28,0.154159449170074,0.60882,0.11062,0.040068,0.10796,0.024929,0.019618,1.6945,131.61,91.83,11.52,6.1,37.14,34.52,12.6812,-1,2004,2003,2004,gini,7
1311,福聚         ,200412,8678,22.12,0.956416361008024,1.2255,0.50676,0.1587,0.21504,0.11156,0.088938,0.35504,288.91,163.22,7.65,21.94,45.6,59.92,-27.3056,-1,2004,2003,2004,gini,7
2511,太子         ,200412,8560,7.17,0.9356613755166,0.6224,0.54608,0.039458,0.11049,0.092112,0.096934,1.8002,124.73,26.03,0.64,3.68,790.42,220.95,-11.2971,-1,2004,2003,2004,gini,7
2707,晶華         ,200412,8474,81.02,0.728261847822834,5.1936,6.1895,0.15593,0.20176,0.33227,0.25934,0.29395,244.91,222.91,113.92,31.03,15.79,7.41,75.3394,1,2004,2003,2004,gini,7
2103,台橡         ,200412,8380,7.84,0.17581172827553,0.57478,0.30757,0.079745,0.12647,0.1277,0.074521,0.58593,183.67,118.48,7.62,9.66,141.5,88.67,45.1531,1,2004,2003,2004,gini,7
2430,燦坤         ,200412,8118,17.9,0.360370977042454,0.65281,0.08129,0.037695,0.12965,0.070397,0.022185,2.4394,112.26,42.91,4.89,17.47,120.13,-27.88,71.1173,1,2004,2003,2004,gini,7
2908,特力         ,200412,7944,13.4,0.699616986397056,0.90602,0.23056,0.073181,0.14222,0.035471,0.038976,0.94339,193.98,144.35,21.21,8.1,2176.4,461.01,33.5075,1,2004,2003,2004,gini,7
6139,亞翔         ,200412,7741,32.47,0.287427267482543,1.1601,0.47631,0.13197,0.26251,0.13711,0.10778,0.98915,268.23,191.81,10.16,5.81,130.95,97.28,25.3157,1,2004,2003,2004,gini,7
1716,永信         ,200412,7612,21.82,0.50165910674669,1.0531,1.6369,0.11401,0.14215,0.20347,0.22422,0.24682,257.54,177.52,1.47,3.55,-3.96,18.83,6.5078,-1,2004,2003,2004,gini,7
3026,禾伸堂       ,200412,7531,22.79,0.762408048788714,0.93786,0.41159,0.083151,0.16087,0.1012,0.0706,0.9347,262.24,202.25,7.95,3.99,63.28,59.49,60.0702,1,2004,2003,2004,gini,7
3260,威剛         ,200412,7351,44.41,0.645534505981322,1.4589,0.14956,0.13997,0.29867,0.056397,0.030861,1.1338,168.3,95.3,14.94,30.88,64.57,42.78,51.61,1,2004,2003,2004,gini,7
1704,榮化         ,200412,7348,8.76,0.123219518324506,0.5786,0.28442,0.047372,0.10754,0.043275,0.053496,1.27,167.51,112.86,7.22,12.11,159.57,156.83,66.6667,1,2004,2003,2004,gini,7
1726,永記         ,200412,7199,32.58,0.0921476848051044,1.1991,0.80544,0.10271,0.1425,0.14693,0.095704,0.38738,343.98,229.23,3.96,4.73,33.51,17.25,-11.8785,-1,2004,2003,2004,gini,7
2542,興富發       ,200412,7181,9.61,0.147849468032519,0.81097,0.68594,0.041215,0.10543,0.11534,0.08919,1.5581,152.13,19.07,0.65,11.46,191.54,67.47,13.2154,-1,2004,2003,2004,gini,7
2015,豐興         ,200512,13122,16.89,0.147655777151737,0.84832,0.4062,0.13383,0.19513,0.12356,0.093433,0.45807,170.73,75.5,4.61,19.92,-37.37,-40.68,84.7247,1,2005,2004,2005,gini,3
2409,友達         ,200612,343075,36.92,0.968924996147292,1.2117,0.95401,0.015746,0.039396,0.048502,0.031059,1.502,91.29,61.93,8.56,5.84,-16.32,-41.79,44.3933,1,2006,2005,2006,gini,3
2371,大同         ,200612,63491,14.6,0.727079601148527,1.5598,0.31595,-0.025117,-0.084592,-0.055857,-0.043025,2.3679,95.95,65.19,5.42,5.08,-47.35,-60.47,7.8767,-1,2006,2005,2006,gini,3
2475,華映         ,200612,57488,6.59,0.436554782372268,0.659,0.42737,-0.056458,-0.16733,-0.077848,-0.11032,1.9637,89.19,66.37,7.66,5.72,-77.51,-92.15,60.698,1,2006,2005,2006,gini,3
6116,彩晶         ,200612,37405,6.4,0.607432610401855,0.72727,0.59369,-0.049966,-0.090472,-0.074016,-0.074563,0.81067,87.68,59.85,10.57,5.93,30.57,49.99,92.8125,1,2006,2005,2006,gini,3
3195,統寶         ,200612,25379,12.36,0.346260716664775,1.7335,1.736,-0.096387,-0.19386,-0.14456,-0.19541,1.0113,97.37,61.17,7.45,6.42,-20.64,-43.47,21.6828,1,2006,2005,2006,gini,3
2308,台達電       ,200712,233812,90.43,0.355407151267881,3.1864,1.4583,0.12773,0.20813,0.12033,0.11531,0.62944,206.1,179.05,11.54,4.95,26.44,39.29,-36.6803,1,2007,2006,2007,gini,5
2912,統一超       ,200712,77971,68.45,0.402554392063123,3.8542,0.44121,0.063241,0.19677,0.035578,0.025513,2.1114,85.93,53.91,14.16,64.13,-1.33,-6.13,-4.9233,1,2007,2006,2007,gini,5
3035,智原         ,200712,24983,60.97,0.901348123034512,3.1888,3.7359,0.21194,0.26232,0.23294,0.30737,0.23774,287.03,249.07,8.08,4.87,-3.13,15.05,-60.1935,-1,2007,2006,2007,gini,5
8008,建興電       ,200712,22724,22.31,0.961964657805326,0.97042,0.34323,0.041287,0.084388,0.023736,0.030425,1.0439,134.48,96.03,7.9,5.73,-4.17,156.14,-45.8987,1,2007,2006,2007,gini,5
20082330,台積電       ,200812,1137769,39.76,0.0559525294070209,2.1388,3.0585,0.1788,0.20803,0.31347,0.29996,0.16351,444.7,404.96,9.88,10.94,-6.52,-8.56,54.3008,-1,2008,2007,2008,gini,3
3008,大立光       ,200812,26482,191.47,0.822326222185306,2.0885,3.3317,0.23771,0.27176,0.41955,0.43355,0.14326,496.64,444.99,5.58,4.57,7.57,26.17,116.2898,1,2008,2007,2008,gini,3
2605,新興         ,200812,17049,25.92,0.029332342754362,1.1597,2.2364,0.11049,0.20705,0.58869,0.4391,0.87398,173.16,167.33,0.0,16.71,39.83,-5.57,51.3503,-1,2008,2007,2008,gini,3
3227,原相         ,200812,14219,106.68,0.0923984579238296,2.6032,2.7221,0.21285,0.26502,0.27141,0.28298,0.24511,459.86,431.73,6.04,13.18,-17.72,-15.94,145.6974,1,2008,2007,2008,gini,3
3293,鈊象         ,200812,8327,109.21,0.306496779026379,2.9037,2.6015,0.28756,0.35019,0.36305,0.31929,0.21778,463.7,395.4,2.32,8.05,-22.81,-17.12,127.2136,1,2008,2007,2008,gini,3
3083,網龍         ,200812,8142,93.12,0.5508108749796,4.0735,5.0199,0.28079,0.34124,0.46982,0.42066,0.21528,511.49,508.14,0.0,6.3,29.7,12.57,355.3265,1,2008,2007,2008,gini,3
2548,華固         ,200812,8127,28.52,0.870902191503684,1.0074,0.64774,0.12106,0.38871,0.26163,0.25041,2.211,152.73,7.16,0.36,61.5,22.67,20.8,149.5091,1,2008,2007,2008,gini,3
2059,川湖         ,200812,6908,78.58,0.739479504887487,2.3221,2.4082,0.19053,0.29588,0.35749,0.30691,0.55297,492.64,419.83,4.27,4.69,25.99,24.24,121.4304,1,2008,2007,2008,gini,3
